频发心房下部早搏	早搏
肝多发高回声结节,多发性肝血管瘤？	肝血管瘤？
右侧卵巢增大伴囊肿	卵巢囊肿
双肺慢性炎症,双肺肺气肿	肺气肿
右肺斜裂胸膜旁微小结节,拟良性病变	肺结节
脾囊肿	脾囊肿
右上颌窦积液、鼻炎	筛窦炎、鼻炎、上颌窦炎
右肾多发囊肿,部分囊肿伴囊壁钙化	肾囊肿
甲状腺左叶中下部低回声结节	甲状腺结节
C4/5、C5/6椎间盘突出	颈椎间盘突出
右上肺见少许钙化灶及纤维化	肺部钙化灶、肺纤维化、肺纤维灶
镜检诊断1、直肠息肉	直肠息肉
右肺上叶及下叶结节	肺结节肺结节
右枕部皮下软组织密度增高	右枕部皮下软组织密度增高
多发性左肾结石伴积水	肾结石伴积水
胆囊结石伴胆囊壁增厚、毛糙	胆囊结石、胆囊壁增厚、胆囊壁毛糙
左右肝间囊肿	肝囊肿
游离T3增高	游离T3增高
双侧中上肺野多发陈旧病灶,伴胸膜增厚粘连	肺陈旧性病灶、胸膜增厚、胸膜粘连
考虑右膝关节半月板轻度退行性改变、右膝关节积液	膝关节半月板退行性改变、膝关节积液
右肺下叶炎性病变	肺炎性改变
子宫多发低回声及稍高回声结节,考虑多发性子宫肌瘤	子宫腺肌瘤？
双侧乳腺增生伴右乳导管扩张	乳腺增生、乳腺导管扩张
双下肺及左上肺磨玻璃结节	肺磨玻璃结节
右侧乳腺低回声区(BI-RADS3类,考虑乳腺腺病)	乳腺低回声区 BI-RADS 3类
甲状腺右叶无回声结节	甲状腺结节
左颈部淋巴结肿大伴囊性变	颈部淋巴结肿大
右侧附件区低回声区	附件区低回声区
子宫多发低回声结节,考虑肌瘤(大者肌瘤伴钙化)	子宫肌腺瘤
双侧乳腺低回声结节(BI-RADS3类,左侧伴钙化)	乳腺结节 BI-RADS 3类
主动脉、右冠状动脉粥样硬化	动脉粥样硬化
左下肺少许陈旧病灶,已钙化	肺钙化灶、肺陈旧性病灶
外科既往史腰椎间盘突出症	腰椎间盘突出症
左肾中部点状强回声,结石？	肾结石？
肝胆管泥沙样结石合并积气	胆管泥沙样结石、胆管积气
右肺中叶磨玻璃小结节	肺磨玻璃结节
左上肺少许硬结灶	肺硬结灶？
血清甲状腺素(T4)降低	血清甲状腺素(T4)降低
胆囊多发点状强回声,考虑胆固醇多发结晶	胆囊多发胆固醇结晶
考虑右肺散纤维小结节	肺纤维结节
甲状腺右叶多发实性结节,部分伴钙化(TI-RADS3类)	甲状腺结节 TI-RADS 3类
甲状腺右叶多发低回声及混合回声结节(TI-RADS3类)	甲状腺结节 TI-RADS 3类
右肺中叶、左肺上叶舌段、双肺下叶散在慢性炎症	肺慢性炎症
甲状腺左叶上极实性结节伴周边环状钙化(TI-RADS3类)	甲状腺结节 TI-RADS 3类
甲状腺左侧叶等回声结节,考虑滤泡性肿瘤	甲状腺滤泡性肿瘤
甲状腺多发低回声结节,考虑滤泡增生	甲状腺结节
三尖瓣中-重度反流	三尖瓣反流
双侧胸膜稍增厚	胸膜增厚
甲状腺左叶触及一结节,大小约2.0cm×1.8cm,质中,无压痛	甲状腺结节
左侧附睾头部囊肿	附睾囊肿
本次检查腰椎骨密度值为92.5(mg/cm^3),骨密度值介于80-120mg/cm^3,骨密度检测考虑骨量减少	骨量减少
右侧乳腺低回声结节(BI-RADS3类,考虑增生结节可能)	乳腺增生
右肺多发浅淡小结节	肺结节肺结节
右肾窦回声增强	肾窦回声增强
胆囊底部显示不清	胆囊底部显示不清
肝右叶稍高回声结节,血管瘤？	肝血管瘤？
甲状腺多发低回声结节,其中左叶大者结节伴钙化	甲状腺结节
双侧筛窦、蝶窦、右侧上颌窦、左侧额窦慢性炎症	鼻窦炎
双肺上叶微小结节	肺结节肺结节
右侧附件区低至无回声包块,右侧卵巢巧克力样囊肿？	卵巢巧克力样囊肿？
双侧基底节-放射冠区多发腔梗,老年性脑萎缩	老年性脑萎缩
宫腔内高回声结节,考虑子宫内膜息肉可能	子宫内膜息肉？
右肺中叶外侧段及左肺上叶下舌段少许慢性炎症	肺慢性炎症
左侧乳腺囊性结节	乳腺囊性结节
右肝低密度影	肝低密度影
左侧斜裂胸膜增厚	胸膜增厚
室间隔基底部增厚	室间隔增厚
右侧乳腺低回声区(增生改变?)	乳腺增生
全血中切粘度增高	全血中切粘度增高
肝左内叶低回声区,考虑局灶性肝脂肪浸润缺失	局灶性脂肪肝
肝脏多发稍低密度影	肝低密度影
双侧筛窦及左侧蝶窦慢性炎症	鼻窦炎
右肝内稍高回声结节,肝血管瘤？	肝血管瘤？
左侧附件区无回声区,卵巢囊肿？	卵巢囊肿？
甲状腺左叶不规则混合回声结节伴钙化(TI-RADS4A类)	甲状腺结节 TI-RADS 4a类
甲状腺左侧叶多发低回声及混合回声结节(TI-RADS3类)	甲状腺结节 TI-RADS 3类
脑白质病变	脑白质病
右侧乳腺低回声结节,增生结节？	乳腺增生
右肺中叶、左肺上叶尖后段、舌段慢性炎症	肺慢性炎症
偶发成对房性早搏	房性早搏
胆囊壁无回声区	胆囊壁无回声区
颈椎退行性改变,C3/4椎间盘突出	颈椎退行性改变、颈椎间盘突出
子宫增大,子宫低回声结节,考虑子宫肌瘤	子宫腺肌瘤？
右上肺局部纹理增强	肺纹理增强
HPV66阳性	HPV66阳性
右肺上叶结节	肺结节肺结节
腰4/5椎间盘膨出	腰椎椎间盘膨出
右肺上中叶、两肺下叶多发小结节,随访	肺结节肺结节
左上肺小钙化灶	肺钙化灶
考虑双侧基底节、半卵圆中心多发腔隙性脑梗塞	腔隙性脑梗塞
双肺上叶及右肺下叶散在少许慢性炎性病变并双肺尖胸膜增厚粘连,较前相仿	胸膜增厚、胸膜粘连
子宫腺肌增生症可能	子宫腺肌增生症
右下肺纤维化	肺纤维化
双上肺气囊	肺气囊
C4-5椎间盘膨隆	颈椎间盘膨出
双肾多发囊性占位,考虑多囊肾	多囊肾
左侧乳腺低回声结节,双侧乳腺增生	乳腺增生
肝右叶稍低回声结节,考虑肝血管瘤	肝血管瘤
右肺上叶尖段、左肺下叶外基底段微小结节	肺结节肺结节
双侧基底节区多发腔隙性缺血灶	脑缺血灶
右肺下叶外基底段实性结节	肺结节肺结节
子宫颈增大伴潴留性囊肿	宫颈潴留囊肿
右肝高回声结节,肝血管瘤可能	肝血管瘤？
甲胎蛋白异质体增高	甲胎蛋白异质体增高
双侧乳腺囊性结节(左乳多发),考虑双侧乳腺囊性增生	乳腺囊性结节、乳腺增生
左肾实质内稍高回声结节,考虑错构瘤	肾错构瘤
左侧第六肋骨陈旧性骨折	骨折
符合颈椎病改变	颈椎病
左肺下叶后基段慢性炎症	肺慢性炎症
考虑枕叶轻度脑萎缩	脑萎缩
左肾多发囊肿,部分囊肿伴囊壁钙化	肾囊肿
左侧附件区高回声结节,卵巢畸胎瘤？	卵巢畸胎瘤？
多发性膀胱憩室	膀胱憩室
左肺上叶舌段、右肺中叶内侧段少许纤维机化灶	肺纤维灶
左肺下舌段及左下肺少许慢性炎症	肺慢性炎症
残余甲状腺左叶低回声结节	甲状腺结节
腰椎轻度退行性改变,L4/5、L5/S1椎间盘轻度膨出	腰椎间盘膨出、腰椎退行性变
血压低	血压低
左肾高回声结节,考虑错构瘤	肾错构瘤
绝经期子宫,子宫内膜增厚	子宫内膜增厚
双肾实质内高回声结节,考虑双肾错构瘤	肾错构瘤
甲状腺双侧叶囊性结节(TI-RADS2类,右侧多发)	甲状腺结节 TI-RADS 2类
频发单源性室性早搏,呈二联律	室性早搏
右肾囊肿伴囊壁钙化	肾囊肿
L5-S1椎间盘轻度突出(中央偏左)	腰椎间盘突出、腰椎间盘突出
肝左内叶稍低回声区	肝低回声区
右肺上叶慢性炎症,左肺下叶背段少许纤维机化灶	肺慢性炎症、肺纤维灶
双侧乳腺低回声结节（左乳多发）	乳腺结节
颈椎退行性改变合并颈椎畸形性脊椎病	颈椎退行性改变、颈椎病
右肺中叶内侧段及左肺上叶下舌段少许慢性炎症	肺慢性炎症
子宫腔内膜区低回声结节,内膜息肉？	子宫内膜息肉？
乙肝两对半结论(乙肝两对半全阴)	乙肝两对半全阴
肝实质回声明显增粗,呈弥漫细小结节样改变,肝硬化？	肝硬化
左肾实质内强回声团块,钙化灶？	肾结石？、肾钙化灶？
甲状腺左侧叶多发实性结节(TI-RADS3类)	甲状腺结节 TI-RADS 3类
锌增高	锌增高
甲状腺实质回声稍增粗伴多发低回声结节	甲状腺结节
双肺上叶前段慢性炎症可能	肺慢性炎症
右肺中叶少许陈旧病灶	肺陈旧性病灶
双侧冠状动脉粥样硬化	动脉粥样硬化
左侧第七后肋改变、亦考虑陈旧性骨折可能	陈旧性骨折可能
双上肺胸膜下少许肺大泡	肺大泡
右肝内稍高回声斑	肝高回声斑
甲状腺右叶多发实性结节(TI-RADS4a类)	甲状腺结节 TI-RADS 4a类
甲状腺右叶等回声结节(TI-RADS2类)	甲状腺结节 TI-RADS 2类
甲状腺右叶中部囊性(TI-RADS2类)	甲状腺结节 TI-RADS 2类
右肺中叶内侧段、左肺散在慢性炎症	肺慢性炎症
左侧乳腺根治术后	左侧乳腺根治术后
多发性右肾囊肿,右侧肾窦回声增强	肾囊肿
右肾实质内稍高回声结节	肾结节
双侧肺气肿,并多发肺大疱	肺气肿、肺大疱
考虑慢性支气管炎、双肺慢性炎性病灶,尘肺病？	慢性支气管炎
谷草转氨酶降低	谷草转氨酶降低
主动脉增宽,主动脉瓣中-重度反流	主动脉增宽
右肺中叶及双肺下叶少许慢性炎症	肺慢性炎症
考虑右上中肺及左下肺少许纤维机化灶、纤维小结节	肺结节、肺纤维灶
左侧颈动脉窦部内-中膜增厚	颈动脉内-中膜增厚
甲状腺弥漫性病变,考虑桥本氏甲状腺炎	桥本甲状腺炎
子宫多发肌瘤(大者肌瘤伴钙化)	子宫肌瘤
多发性左肝囊肿	肝囊肿
分泌物量多、色黄、鱼腥味	阴道分泌物异常
考虑双肺感染性病灶	肺部感染
左侧乳腺增生(BI-RADS1类)	乳腺增生
左侧乳腺多发囊性结节(BI-RADS3类)	乳腺结节 BI-RADS 3类
甲状腺左侧叶无回声结节,ACRTI-RADS1类	甲状腺结节 TI-RADS 1类
右侧额叶小缺血灶	脑缺血灶
腰椎退行性改变,腰椎欠稳定,T12、L1椎体呈轻度压缩性改变	腰椎退行性病变
双上肺陈旧性病灶,与前片相仿	肺陈旧性病灶
双肺肺气肿,双肺散在慢性炎症	肺气肿、肺慢性炎症
少量心包积液	心包少量积液
甲状腺右叶中段后方实性结节,考虑甲状腺旁腺来源	甲状腺结节
甲状腺左叶高回声结节	甲状腺结节
右肺尖粟粒样结节	肺结节肺结节
甲状腺峡部近右侧叶囊性结节(TI-RADS2类)	甲状腺结节 TI-RADS 2类
双侧乳腺低回声结节,左乳结节BI-RADS3类	乳腺结节 BI-RADS 3类
甲状腺左叶近等回声结节伴粗钙化,ACRTI-RADS2类	甲状腺结节 TI-RADS 2类
左肺上叶尖后段、舌段、双肺下叶胸膜下散在慢性炎症	肺慢性炎症
双上肺小泡性肺气肿	肺气肿
甲状腺右叶低至无回声结节,考虑结节性甲状腺肿	结节性甲状腺肿
左肾肾盂旁囊肿	肾盂旁囊肿
双上肺及间隔旁肺气肿、肺大泡	肺气肿肺大泡
主动脉及冠状动脉走行区多发钙化	冠状动脉钙化、主动脉钙化
考虑慢性支气管炎、肺气肿、双肺尖部少许纤维机化灶	慢性支气管炎、肺气肿、肺纤维灶
右肝内低回声结节,考虑肝血管瘤可能	肝血管瘤？
C3/4、C4/5、C5/6、C6/7、C7/T1椎间盘突出,继发椎管狭窄	颈椎间盘突出
颈椎退行性变,C6/7椎间盘突出	颈椎间盘突出、颈椎退行性改变
双肺多发毛玻璃样密度影及小结节,考虑感染所致	肺结节
L5-S1椎间盘突出(中央型),继发椎管狭窄	腰椎间盘突出、腰椎间盘突出
左上肺小结节,肺癌可能性大	肺结节？
甲状腺实质回声稍增粗,血流稍增多	甲状腺实质回声增粗
多发性左肾囊肿(大者囊肿伴囊壁钙化)	肾囊肿
左肝内等回声结节,血管瘤？	肝血管瘤？
双肾实质回声稍增高	双肾实质回声稍增高
胆总管上段扩张,中、下段显示不清	胆总管扩张
甲状腺右叶等回声结节？	甲状腺结节
左侧颈总动脉主干斑块形成	颈动脉斑块
右肝多发小囊肿	肝囊肿
右肺少许钙化灶	肺钙化灶
右肝囊肿?	肝囊肿？
右侧乳腺约5点处不规则无回声区	乳腺无回声区
右肺下叶背段少许钙化灶	肺钙化灶
肿瘤相关因子增高	肿瘤相关因子增高
左肾多发囊肿伴部分囊壁钙化	肾囊肿
左侧上颌窦及部分筛窦慢性炎症	鼻窦炎
肝内多发不规则低回声区,考虑不均匀性脂肪肝或其它	不均匀性脂肪肝
鼻鼻前庭粘膜糜烂充血、双下鼻甲肥厚	鼻甲肥厚
鼻双下鼻甲肥厚	鼻甲肥厚
左侧肾上腺似见增粗	肾上腺增粗
双上肺间隔旁肺气肿	肺气肿
右肝高回声斑,肝血管瘤？	肝血管瘤？
肩周炎可能	肩周炎
肺动脉瓣、三尖瓣轻度反流	三尖瓣反流、肺动脉瓣反流
双肺尖部胸膜粘连	胸膜粘连
二尖瓣轻度返流	二尖瓣反流
右侧乳腺11点处低回声结节	乳腺结节
甲状腺左叶多发囊性、囊实性结节(TI-RADS2类)	甲状腺结节 TI-RADS 2类
双肺尖胸膜下少许纤维机化灶	肺纤维灶
左肺上叶钙化灶	肺钙化灶
甲状腺左侧叶切除术后,残余甲状腺碘131治疗术后	甲状腺切除术后
C6椎体前上部类圆形低密度影,考虑良性病变	颈椎椎体良性病变
左肾实质多发稍高回声结节,考虑肾错构瘤	肾错构瘤
阴道囊肿	阴道囊肿
甲状腺左侧叶下极无回声结节,考虑滤泡增生	甲状腺结节
甲状腺左叶下部低回声结节,考虑结节性甲状腺肿	结节性甲状腺肿
外科既往史脑膜瘤术后	脑膜瘤
腰1-4椎体骨质增生	腰椎骨质增生
考虑右肝前叶与左肝内叶间钙化灶	肝钙化灶、肝内钙化灶
双上肺纤维化、钙化	肺纤维化
左肺上叶舌段、两肺下叶少许慢性炎症	肺慢性炎症
双侧囊性乳腺增生	乳腺囊性增生
大枕大池	大枕大池
左侧乳腺3点处无回声区内低回声结节,考虑导管内乳头状瘤可能	乳腺结节
左肺下叶外基底段、右肺下叶前基底段纤维小结节	肺纤维结节
子宫体与宫颈交界处低回声结节(肌瘤？)	子宫肌瘤？
鸡蛋阳性	鸡蛋阳性
甲状腺右叶部分切除术后	甲状腺切除术后
主动脉瓣返流+~++,二尖瓣返流+,三尖瓣返流+	三尖瓣返流、主动脉瓣返流
不均质脂肪肝	不均质脂肪肝
右侧乳腺无回声结节(BI-RADS3类)	乳腺结节 BI-RADS 3类
甲状腺右侧叶低回声结节,考虑结节性甲状腺肿	结节性甲状腺肿
肝尾状叶稍高回声结节,考虑肝血管瘤	肝血管瘤
子宫后壁增厚伴片状低回声区,考虑腺肌增生症	子宫腺肌症
甲状腺双侧叶囊实性结节(TI-RADS3类,左侧多发)	甲状腺结节 TI-RADS 3类
甲状腺右叶多发低回声小结节	甲状腺结节
甲状腺左侧叶实性结节伴钙化(TI-RADS4B类)	甲状腺结节 TI-RADS 4b类
腹主动脉硬化	主动脉硬化
耳右耳后慢性皮炎、左侧慢性外耳道炎	慢性外耳道炎
考虑右上中肺胸膜下、右下肺少许纤维小结节	肺纤维结节
右上肺微小结节	肺结节肺结节
肝左叶胆管结石或钙化灶	胆管结石、肝钙化灶
右侧乳腺低回声区,考虑增生改变	乳腺增生
右肾囊肿伴钙化	肾囊肿
肝内胆管结石	肝内胆管结石
主动脉、冠状动脉粥样硬化	动脉粥样硬化
外耳双侧耵聍栓塞	耵聍栓塞
胆红素: 微量	胆红素微量
胆囊底部充满型结石	胆囊结石
后唇轻度柱状上皮异位	宫颈柱状上皮异位
淋巴细胞计数增高	淋巴细胞计数增高
双侧乳腺低回声结节（右乳多发）,考虑增生结节	乳腺增生
右肺中叶内侧段、双肺下叶后基底段散在慢性炎症	肺慢性炎症
肝右叶胆管结石	胆管结石
尿病理管型增高	尿病理管型增高
子宫内膜高回声结节,息肉?	子宫内膜息肉？
甲状腺左叶背侧低回声结节,性质待定	甲状腺结节
镜检诊断1.直肠息肉	直肠息肉
右肺中叶内段及左肺下舌段少许陈旧病灶	肺陈旧性病灶
子宫增大子宫如3+个月妊娠	子宫增大
右侧附件区无回声区,巧克力样囊肿？	卵巢巧克力样囊肿？
左下肺背侧陈旧纤维机化灶,伴局部胸膜增厚粘连	胸膜增厚、肺纤维灶、肺陈旧性病灶
肝实性结节,性质待定	肝结节
右肺下叶后基底段慢性炎症病灶	肺慢性炎症
平均红细胞血红蛋白量增高	平均红细胞血红蛋白量增高
考虑右肝良性病灶	肝良性病灶
肝多发低密度结节,考虑为囊肿可能	肝囊肿？
右肝斑状高回声,倾向良性	肝高回声斑
右侧乳腺低至无回声结节(BI-RADS3类)	乳腺结节 BI-RADS 3类
左肺上叶下舌段、双肺下叶后基底段散在慢性炎症	肺慢性炎症
右乳外上象限低回声结节,考虑增生结节	乳腺增生
左乳低回声结节伴钙化,BI-RADS4C类	乳腺结节 BI-RADS 4C类
左侧乳腺无回声区(考虑局部导管扩张)	乳腺导管扩张
左肺下叶少许间隔旁肺气肿	肺气肿
考虑慢性支气管炎、肺气肿,左上肺纤维机化灶	慢性支气管炎、肺气肿、肺纤维灶
气管周围淋巴结可见	气管周围淋巴结可见
右肺中叶外侧段、下叶前基底段、左肺上叶舌段散在炎症性病变可能	肺部病变
右肝内偏低回声结节,肝血管瘤？	肝血管瘤？
右肺上叶、左肺下叶慢性炎症并胸膜增厚	胸膜增厚
左肺下叶外基底段、左肺上叶下舌段纤维小结节	肺纤维结节
右肝低回声结节,肝血管瘤？	肝血管瘤？
颈椎轻度骨质增生	颈椎骨质增生
双肺上叶、右肺下叶肺气肿	肺气肿
双侧基底节及放射冠区多发腔梗,脑萎缩	脑萎缩
左心室高电压	左室高电压
提示外周血管弹性度重度下降	外周血管弹性度下降
白细胞3+	白细胞3+
左肺上叶索条影及斑片状高密度影,考虑肺结核可能	肺结核
脾内无回声区,考虑脾囊肿	脾囊肿
考虑左下肺慢性炎性病变	肺炎性改变
右侧附件区混合性团块,畸胎瘤？	卵巢畸胎瘤？
左肺尖部少许纤维机化灶	肺纤维灶
甲状腺右叶结节,ACRTI-RADS3类	甲状腺结节 TI-RADS 3类
右肝低回声结节,肝血管瘤？不均质脂肪肝？	脂肪肝、肝血管瘤？
子宫下段前壁低回声区,疤痕憩室?	憩室
甲状腺右叶触及一结节,大小约1.2cm×1.0cm,质中,无压痛	甲状腺结节
甲状腺双侧叶结节(右叶多发)	甲状腺结节
甲状腺左叶低回声结节,考虑结节性甲状腺肿（TI-RADS3类）	结节性甲状腺肿
右肺尖陈旧性病变并局限性胸膜增厚	胸膜增厚、肺陈旧性病灶
甲状腺多发结节,考虑结节性甲状腺肿	结节性甲状腺肿
甲状腺多发结节,右叶大者(TI-RADS类4A),余结节考虑结节性甲状腺肿	结节性甲状腺肿
考虑左下肺纤维小结节	肺纤维结节
子宫右旁及左后壁低回声结节,子宫肌瘤？必要时	子宫肌瘤？
右肾窦低回声区,肾柱肥大？	肾柱肥大？
房性早搏呈一过性二联律	房性早搏
压痛右下肋压痛,考虑肋间神经炎	肋间神经炎
分泌物量多	阴道分泌物异常
胆总管及肝内胆管扩张	胆总管扩张
颈椎退行性改变,C3/4、C4/5椎间盘轻度突出	颈椎退行性改变、颈椎间盘突出
人型支原体阳性	人型支原体阳性
子宫多发低回声结节,考虑多发性子宫肌瘤,部分伴钙化	子宫肌腺瘤
右肝可疑低回声区	肝低回声区
右侧胸膜轻度粘连	胸膜粘连
左肺下叶胸膜下微小结节	肺结节肺结节
甲状腺左侧甲状腺触及一约0.4cmX0.5cm结节、质中、无压痛	甲状腺结节
右肝稍高回声结节,肝血管瘤可能	肝血管瘤？
子宫低回声结节（子宫肌瘤？）	子宫肌瘤？
甲状腺右叶中部背侧包膜外低回声结节(右侧颈部局部占位？)	甲状腺占位
分泌物色黄、豆渣样	阴道分泌物异常
L4/5、L5/S1椎间盘突出	腰椎间盘突出、腰椎间盘突出
超重	超重
双侧乳腺多发低回声结节,右乳大者结节伴钙化,BI-RADS3类	乳腺结节 BI-RADS 3类
C3/4、C5/6椎间盘膨出	颈椎椎间盘膨出
提示外周血管弹性度中度下降	外周血管弹性度下降
矽肺	矽肺
甲状腺右叶下极后方淋巴结可见	甲状腺后方淋巴结可见
颈椎、胸椎、腰椎退行性改变	腰椎退行性病变
子宫低回声团块,子宫肌瘤？	子宫肌瘤？
右膝关节退行性变,关节腔及关节周围滑囊积液	膝关节积液、膝关节退行性病变
右肝稍高回声结节,血管瘤？	肝血管瘤？
尿粘液丝阳性	尿粘液丝阳性
L5真性滑脱	腰椎滑脱
子宫低回声结节,子宫肌瘤？	子宫腺肌瘤？
双膝关节轻度退行性改变	膝关节退行性改变
双肺尖胸膜增厚粘连	胸膜增厚、胸膜粘连
右侧颈动脉内-中膜增厚伴斑块形成	颈动脉内-中膜增厚、颈动脉斑块形成
右肺下叶小结节,拟炎症性病变	肺结节
左下肺胸膜下小结节	肺结节肺结节
二尖瓣脱垂伴返流++	二尖瓣脱垂、二尖瓣反流
甲状腺多发低至无回声结节,ACRTI-RADS2类	甲状腺结节 TI-RADS 2类
右肝内稍高回声区	肝高回声区
甲状腺左叶下极实性结节伴多发钙化(TI-RADS4A类)	甲状腺结节 TI-RADS 4a类
右肝不均质回声区,不均质脂肪肝？	脂肪肝
肝脏多发囊肿	肝脏囊肿
右肺尖部少许陈旧病灶、左肺下叶后基底段纤维小结节	肺纤维结节、肺陈旧性病灶
甲状腺Ⅰ度肿大	甲状腺Ⅰ度肿大
两肺上叶少许慢性炎症	肺慢性炎症
左肺上叶小结节,考虑良性病变	肺结节
胆囊息肉样病变(基底宽)	胆囊息肉
左侧上颌窦、双侧筛窦、右侧额窦慢性炎症	鼻窦炎
甲状腺峡部偏左侧不均质低回声结节(TI-RADS3类)	甲状腺结节 TI-RADS 3类
右肝高回声小结节,小血管瘤？	肝血管瘤？
双肺尖部胸膜少许增厚并小肺大泡形成	肺大泡、胸膜增厚
双肺弥漫性病灶,考虑感染所致	肺部感染
左侧乳腺多发无回声结节,考虑囊性增生	乳腺囊性结节、乳腺增生
纵隔内及双肺门多发淋巴结	肺淋巴结
双侧乳腺增生伴双乳部分导管扩张	乳腺增生、乳腺导管扩张
左肾内低回声结节,性质待定	肾结节
右肺及左肺下叶少许慢性炎症	肺慢性炎症
双肺上叶粟粒样结节	肺结节
肝多发囊肿	肝囊肿
右肾实质内高回声结节,错构瘤？钙化灶？	肾错构瘤？、肾钙化灶
主动脉瓣返流+～++	主动脉瓣返流
左上肺少许硬结灶	肺硬结灶？
甲状腺左叶中上部低回声结节伴粗大钙化,TI-RADS3级	甲状腺结节 TI-RADS 3类
双肺慢性炎症、间隔旁肺气肿	肺气肿、肺慢性炎症
颈4-6椎体轻度骨质增生及颈4-5、5-6椎间隙稍变窄	颈椎骨质增生、颈椎椎间隙变窄
甲状腺右侧结节大小约0.6cm×0.5cm	甲状腺结节
气管右旁淋巴结可见	气管旁淋巴结可见
内科既往史糖尿病	糖尿病
右肺中叶条索影及右肺斜裂胸膜下粟粒状结节,为慢性炎症所致,必要时继续定期复查	肺结节
左肺下叶少许胸膜下慢性炎症,较前片(2017-10-07)对比相仿	肺慢性炎症
右侧放射冠区腔隙性脑梗塞	脑梗塞
右附件区肿物,性质待定	附件区肿物
右乳皮下稍高回声结节,脂肪瘤？	脂肪瘤
右残肺及左肺下叶慢性炎症	肺慢性炎症
盆腔少量积液	盆腔积液
腰椎退行性变,L4/5椎间盘突出(左侧),L5/S1椎间盘膨出	腰椎退行性变、腰椎间盘膨出
甲状腺左叶结节伴粗钙化,ACRTI-RADS3类	甲状腺结节 TI-RADS 3类
双膝关节腔少量积液	膝关节积液
C4-5、C6-7椎间盘轻度膨隆	颈椎间盘膨出
肝实质回声增粗,分布不均匀	肝回声增粗
胆囊多发息肉样病变	胆囊息肉
右上肺及双下肺少许陈旧病灶	肺陈旧性病灶
晶状体双眼轻度浑浊(核性)	晶状体混浊
右肺下叶背段支气管扩张并感染可能	支气管扩张
双侧乳腺囊性增生	乳腺囊性增生
右上肺及左肺舌叶少量纤维机化灶	肺纤维灶
右侧附件区无回声区,考虑囊肿	卵巢囊肿
腺苷脱氨酶测定增高	腺苷脱氨酶测定增高
羟丁酸脱氢酶增高	羟丁酸脱氢酶增高
左肺下叶胸膜下拟良性的微小结节	肺结节
左房左室增大	左室增大
甲状腺左叶低回声结节,考虑滤泡性肿瘤	甲状腺滤泡性肿瘤
甲状腺右叶近峡部低至无回声结节,考虑良性结节	甲状腺结节
主动脉瓣钙化伴主动脉瓣轻度反流	主动脉瓣钙化
左肝内无回声区,肝囊肿？	肝囊肿？
双肺多发拟良性小结节,必要时定期复查	肺结节
肝胆管多发结石	胆管结石
甲状腺左叶大者结节伴钙化	甲状腺结节
双侧筛窦、上颌窦、蝶窦少许炎症	蝶窦炎、上颌窦炎
右侧乳腺无回声区(考虑局部导管扩张)	乳腺导管扩张
甲状腺右叶未探及,甲状腺左叶低回声结节(TI-RADS3类)	甲状腺结节 TI-RADS 3类
左肺舌叶及左下肺少许纤维小结节	肺纤维结节
主动脉瓣钙化伴返流+	主动脉瓣钙化伴返流
考虑左肺上叶慢性炎症	肺慢性炎症
L3-4、L4-5、L5-S1椎间盘突出(中央型)	腰椎间盘突出、腰椎间盘突出
甲状腺左叶低回声结节,腺瘤？	甲状腺腺瘤？
甲状腺左叶中部背侧低回声结节,纵横比大于1,TI-RADS4A类	甲状腺结节 TI-RADS 4a类
频发多源室性早搏	室性早搏
左肺上叶团片影、支气管扩张、部分肺膨胀不全、左上胸膜增厚,首先考虑炎症性病变	支气管扩张
腰椎退行性变,腰椎不稳,L3/4椎间盘膨出	腰椎退行性变、腰椎间盘膨出
左侧乳腺低回声结节,TI-RADS3类	乳腺结节 BI-RADS 3类
全血低切粘度(3/S)增高	全血低切粘度(3/S)增高
右中肺磨玻璃小结节	肺磨玻璃结节
双肺上叶间隔旁型肺气肿	肺气肿
双肺散在多发磨玻璃结节	肺磨玻璃结节
左上肺少量肺大泡	肺大泡
考虑双上颌窦及筛窦炎、鼻炎	筛窦炎、鼻炎、上颌窦炎
扫及胆囊小结石	胆囊结石
颈椎退行性改变,C4/5、C5/6椎间盘突出	颈椎间盘突出、颈椎退行性改变
外阴尿道外口肉阜约0.2x0.3cm大小	尿道肉阜
右侧乳腺低回声结节,乳腺纤维腺瘤？	乳腺纤维瘤？、乳腺结节
左肺下叶胸膜下斑片结节灶,拟良性病灶	肺结节
右肝内高回声结节,(肝血管瘤？)	肝血管瘤？、肝血管瘤？
甲状腺右叶低回声团伴粗大钙化,考虑结节性甲状腺肿	结节性甲状腺肿
考虑颈椎功能性改变	颈椎功能性改变
双肺多发拟良性的小结节,必要时定期复查	肺结节
子宫增大约3个月妊娠大小,质地较硬	子宫增大
右肾双肾盂	双肾盂
双下肺少许胸膜增厚	胸膜增厚
皮层下动脉硬化性脑病、老年性脑萎缩	动脉硬化、老年性脑萎缩
双侧骨性骶骼关节炎	骶髂关节炎
右手臂皮下脂肪层内等回声结节,脂肪瘤可能	脂肪瘤
两侧额顶叶少许缺血灶	脑缺血灶
逆钟向转位	逆钟向转位
双眼屈光不正(近视右眼中度,左眼轻度)	屈光不正
左侧颈部淋巴结轻度肿大	颈部淋巴结肿大
血压高	血压高
右肺中叶内侧段及左肺上叶下舌段少许慢性炎症,较2018-11-24片相仿	肺慢性炎症
两上肺陈旧性病灶	肺陈旧性病灶
所见胆囊多发结石	胆囊结石
左侧乳腺多发无回声区,考虑囊性结节	乳腺囊性结节
双肾结石(左侧多发)	肾结石
双侧颈动脉硬化伴右侧颈外动脉斑块形成	动脉硬化
右肺中下叶炎症	肺炎性改变
子宫肌层回声增粗、增强伴低回声结节,考虑子宫腺肌症伴腺肌瘤	子宫肌瘤？
甲状腺左侧叶实性结节(TI-RADS4A类？)	甲状腺结节 TI-RADS 4a类
右侧乳腺退化不全(BI-RADS1类)	乳腺 BI-RADS 1类
双肺散在慢性炎症伴右肺中叶不张	肺慢性炎症
甲状腺多发低回声结节(右叶其一结节伴钙化)	甲状腺结节
考虑左肺上叶尖后段纤维小结节	肺纤维结节
右肺上叶继发性肺结核(硬结钙化为主)	继发型肺结核
所见胆囊结石	胆囊结石
甲状腺双侧叶实性结节(TI-RADS3类,右侧多发)	甲状腺结节 TI-RADS 3类
右肾实质内高回声结节,考虑肾错构瘤可能	肾错构瘤？
C4-5椎间盘突出(中央偏左型)	颈椎间盘突出
镜检诊断1.混合痔	混合痔
左上肺纤维化	肺纤维化
子宫峡部无回声区,考虑囊肿	子宫囊肿
右肾未探及,先天肾缺如	右肾未探及
双侧乳腺多发实性结节伴钙化(BI-RADS3类)	乳腺结节 BI-RADS 3类
胆囊缩小	胆囊缩小
左肝低回声结节,倾向良性结节可能	肝良性结节可能
右肺中叶、左肺下叶微小结节	肺结节肺结节
右肾多发结石伴局部少量积水	肾结石伴积水
自诉甲状腺大部分切除术后,甲状腺双侧区不均质回声区	甲状腺切除术后
绝经后子宫,子宫内膜稍增厚	子宫内膜增厚
双侧颈动脉硬化伴多发斑块形成,右侧颈内动脉狭窄(狭窄率50-69%)	颈动脉硬化
肝右叶多发海绵状血管瘤	肝血管瘤
甲状腺左叶下极高回声结节伴钙化,TI-RADS4C类	甲状腺结节 TI-RADS 4c类
双肾多个锥体稍高密度影,考虑髓质海绵肾并结石可能	肾结石、海绵肾？
双附件右侧附件区可触及一肿物约4.0cm×3.0cm大小、囊性、边界清楚、活动度好、无压痛	附件区触及肿物
甲状腺左叶实性结节(TI-RADS:2类)	甲状腺结节 TI-RADS 2类
膀胱不充盈,放弃检查膀胱、前列腺	放弃检查前列腺、膀胱
右肺上叶前段慢性炎症	肺慢性炎症
子宫低回声结节,子宫肌瘤可能	子宫肌瘤？
右肝内低回声区,局灶性肝脂肪浸润缺失可能	局灶性脂肪肝？
右侧乳腺多发实性结节(BI-RADS3类)	乳腺结节 BI-RADS 3类
频发室性早搏,呈一过性二联律	室性早搏
右上肺及左下肺实性小结节	肺结节肺结节
左侧乳腺低回声结节	乳腺结节
符合鼻炎、双侧筛窦炎症,左上颌窦粘膜下囊肿	筛窦炎、鼻炎、上颌窦囊肿
心房颤动伴快速心室率	心房颤动
子宫后方低回声结节,子宫浆膜下肌瘤？	子宫肌瘤？
甲状腺峡部偏左侧叶实性结节(TI-RADS3类)	甲状腺结节 TI-RADS 3类
左肺上叶、右肺下叶微小结节,必要时定期复查	肺结节
双侧海绵肾？	海绵肾？
尿病理性管型阳性	尿病理性管型阳性
腰椎退行性改变,L4/5椎间盘膨出,L5/S1椎间盘突出	腰椎间盘膨出、腰椎退行性变
白球比例增高	白球比例增高
甲状腺左叶低至无回声结节,性质待定	甲状腺结节
右侧蝶窦炎症,鼻中隔偏曲	鼻窦炎、鼻中隔偏曲
右上肺胸膜下少许肺大泡	肺大泡
右外下胸膜肥厚粘连	胸膜粘连
L4-5、L5-S1椎间盘突出(偏右型),腰椎退行性改变	腰椎间盘突出、腰椎退行性变
左房增大,室间隔及左室前壁增厚	室间隔增厚、左房增大
肺气肿、肺大疱	肺气肿、肺大疱
子宫多发低回声结节(多发性子宫肌瘤？)	子宫腺肌瘤？
甲状腺左侧叶下极低回声结节伴钙化(TI-RADS4A类)	甲状腺结节 TI-RADS 4a类
右卵巢内无回声区,考虑卵泡可能	卵泡
双肺散在炎症,双侧斜裂胸膜增厚,双侧胸腔少许积液	胸膜增厚、胸腔积液
双肾多发小囊肿	肾囊肿
左侧腋窝实性结节,考虑反应性增生淋巴结	腋窝淋巴结反应性增生
双侧上颌窦少许炎症	鼻窦炎
右上中肺及左上肺纤维化、钙化	肺纤维化
颈椎轻度退行性改变,C4/5、C5/6椎间盘轻微膨隆	颈椎椎间盘膨出、颈椎退行性改变
甲状腺右叶多发低回声结节(TI-RADS2类)	甲状腺结节 TI-RADS 2类
右肾无回声区,考虑肾盂旁囊肿	肾盂旁囊肿
双侧颈动脉硬化伴左侧多发斑块形成	颈动脉硬化
甲状腺弥漫性肿大,血流信号增多	甲状腺肿大
左乳外上约2-3点钟处低回声结节伴粗大钙化,BI-RADS3类	乳腺结节 BI-RADS 3类
睾酮增高	睾酮增高
甲状腺左叶近峡部低回声结节伴钙化,TI-RADS3类	甲状腺结节 TI-RADS 3类
左肺下叶胸膜下、右肺下叶前基底段小结节	肺结节肺结节
右中肺及左上、下肺散在磨玻璃小结节	肺磨玻璃结节
糖基抗原724增高	糖基抗原724增高
双侧上颌窦、筛窦及额窦慢性炎症	鼻窦炎
主动脉瓣、三尖瓣、肺动脉瓣轻度反流	三尖瓣反流、肺动脉瓣反流
脑萎缩,基底节、额顶叶脑白质区腔隙性梗塞缺血灶	脑萎缩、脑缺血灶、脑梗塞
右侧乳腺多发低回声结节,纤维腺瘤？	乳腺纤维瘤？、乳腺结节
双肺散在慢性炎症并双肺下叶局限性肺气肿、左肺下叶支气管扩张	肺气肿、支气管扩张、肺慢性炎症
右侧心膈角区胸膜增厚	胸膜增厚
甲状腺多发结节,考虑结节性甲状腺肿(部分伴囊性变)	结节性甲状腺肿
内科既往史左侧周围性面瘫	面瘫
甲状腺实质回声增粗、不均伴右叶低回声结节	甲状腺回声增粗
一度房室阻滞	一度房室阻滞
β-HCG(定量)增高	β-HCG(定量)增高
二尖瓣返流+/-	二尖瓣反流
右肺少许肺大泡	肺大泡
符合双膝关节退行性病变	膝关节退行性改变
子宫多发低回声结节,考虑多发性子宫肌瘤伴钙化	子宫肌瘤
左侧筛窦炎症	筛窦炎
甲状腺右叶囊实性结节伴钙化(TI-RADS3类)	甲状腺结节 TI-RADS 3类
双肾结石,右侧多发	肾结石
右侧乳腺囊性结节	乳腺囊性结节
甲状腺左叶下极结节,ACRTI-RADS3类	甲状腺结节 TI-RADS 3类
多发性肝右叶囊肿	肝囊肿
甲状腺右叶多发实性、囊实性结节(TI-RADS3类)	甲状腺结节 TI-RADS 3类
右侧附件区无回声区,考虑卵巢囊肿	卵巢囊肿
甲状腺右叶多发性结节,ACRTI-RADS2类	甲状腺结节 TI-RADS 2类
慢性鼻炎、双侧上颌窦慢性炎症	鼻炎、慢性鼻窦炎
左膝髌股关节对合关系不良可能,左膝关节少许积液	关节积液
肝内小囊肿	肝囊肿
右肺上叶胸膜下小结节,双肺下叶少许慢性炎症,较2017-8-16片相仿	肺结节、肺慢性炎症
耳左耳鼓膜穿孔	鼓膜穿孔
甲状腺多发等回声结节,ACRTI-RADS3类	甲状腺结节 TI-RADS 3类
子宫增大子宫如2个多月妊娠	子宫增大
胆囊多发性结石（底腔充满型）	胆囊结石
甲状腺峡部近右叶囊性结节(TI-RADS2类)	甲状腺结节 TI-RADS 2类
甲状腺右叶多发实性及囊实性结节(TI-RADS3类)	甲状腺结节 TI-RADS 3类
甲状腺左叶可疑低回声结节	甲状腺结节
双侧颈动脉内-中膜稍毛糙伴右侧颈动脉窦部内-中膜稍增厚	颈动脉内-中膜增厚
右肝后叶稍低密度影	肝低密度影
右中上肺及左下肺小结节	肺结节肺结节
右肺少许硬结灶	肺硬结灶？
甲状腺左右叶各触及一结节,大小分别约1.5cm×0.7cm、1.0cm×0.6cm,质中,无压痛	甲状腺结节
考虑慢性支气管炎、肺气肿、左下肺孤立肺大泡	慢性支气管炎、肺气肿、肺大泡
左肾无回声区,考虑肾盂旁囊肿伴囊壁钙化	肾盂旁囊肿
肝S7段包膜下小结节,较前片为新发,考虑MT?	肝MT？
三尖瓣返流+	三尖瓣返流
甲状腺左侧叶多发低回声结节(TI-RADS2类),甲状腺右侧叶无回声伴钙化((TI-RADS2类))	甲状腺结节 TI-RADS 2类
考虑双肺胸膜下纤维小结节	肺纤维结节
双侧额窦炎症	鼻窦炎
听力双侧耳聋	耳聋
右侧附件区无回声区,考虑卵巢囊肿(生理性)	卵巢囊肿
扁桃体左侧II度肿大、脓栓	扁桃体肿大、扁桃体Ⅱ度肿大
考虑右胸膜肥厚	胸膜肥厚
双侧颌下淋巴结可见	颌下淋巴结可见
右肺中叶及左肺上叶少许慢性炎症伴机化,较2017-05-23CT相仿	肺慢性炎症
甲状腺双侧叶结节(左叶多发)	甲状腺结节
甲状腺左叶极低回声结节,TI-RADS4a类	甲状腺结节 TI-RADS 4a类
左侧乳腺低至无回声区,考虑局部导管扩张可能	乳腺导管扩张？
右肺尖及中叶内侧段、左肺下叶外侧底段少许慢性炎症病灶	肺慢性炎症
双侧筛窦、左侧蝶窦炎症	鼻窦炎
外阴前庭充血明显、皲裂	外阴皲裂
双肺尖少许胸膜增厚粘连,伴少许肺大泡	肺大泡、胸膜增厚
甲状腺右叶中部实性结节伴钙化(TI-RADS4A类)	甲状腺结节 TI-RADS 4a类
左肺下叶结节影,炎性病变可能	肺结节
主动脉瓣钙化伴轻度反流	主动脉瓣钙化
双肺上叶、右肺下叶多发微小结节,必要时定期复查	肺结节
双侧慢性副鼻窦炎症	鼻炎、慢性鼻窦炎
右膝内外侧半月板I-II度损伤,前交叉韧带轻度变性,关节腔内少许积液	膝关节积液、半月板损伤
右肾囊肿？	肾囊肿？
双侧额叶、放射冠区少许缺血灶	脑缺血灶
免散瞳眼底照相双眼高度近视样眼底改变	高度近视
甲状腺右侧叶低回声结节？	甲状腺结节
右中肺及左上肺少许纤维机化灶	肺纤维灶
甲状腺右侧叶等回声结节	甲状腺结节
中度柱状上皮异位	宫颈柱状上皮异位
左肾实质内高回声结节,钙化灶？错构瘤？	肾错构瘤？、肾钙化灶
右侧附件区高回声结节	附件区高回声结节
甲状腺右叶低回声区,考虑术后改变	甲状腺术后改变
双上肺少许陈旧病灶,伴双肺尖胸膜增厚粘连。较2016-11-23日片相仿	肺陈旧性病灶、胸膜增厚、胸膜粘连
甲状腺左叶下极下方高回声结节(来源甲状腺旁腺可能)	甲状腺结节
考虑左肺下叶纤维小结节	肺纤维结节
晶状体轻度浑浊	晶状体混浊
子宫腺肌增生症	子宫腺肌增生症
左肺上叶下舌段支气管扩张	支气管扩张
右中肺内段及左肺舌叶少许纤维机化灶	肺纤维灶
C4/5、C5/6、C5/6水平椎管狭窄	颈椎管狭窄
左侧顶叶脑梗塞	脑梗塞
膀胱不充盈,放弃检查膀胱、双附件	膀胱不充盈,放弃部分检查
右肝无回声结节,肝囊肿？	肝囊肿？
甲状腺峡部偏右侧叶实性结节(TI-RADS2类)	甲状腺结节 TI-RADS 2类
外阴左侧大阴唇下段可见一大小约2.0cmX2.0cm的囊性肿物、边界清楚、活动度好、无触痛,考虑左巴氏腺囊肿	巴氏腺囊肿
双颈淋巴结肿大	颈部淋巴结肿大
胆囊底腔泥沙样结石	胆囊泥沙样结石
子宫右侧壁稍低回声结节,子宫肌瘤？	子宫肌瘤？
子宫低回声小结节,小肌瘤？	子宫肌瘤？
两侧侧脑室旁、半卵圆中心少许小缺血灶	脑缺血灶
腹主动脉瘤可能	腹主动脉瘤？
右肺下叶片状高密度影,考虑为少许炎性病灶	肺炎性改变
左肾无回声区,囊肿可能	肾囊肿？
甲状腺右叶多发囊性结节(TI-RADS2类)	甲状腺结节 TI-RADS 2类
右肺中叶、下叶慢性炎症,左肺下叶钙化灶	肺钙化灶
甲状腺实质回声增粗、不均匀	甲状腺实质回声增粗、甲状腺实质回声不均
左髋关节骨质减少	骨质减少
额部脑膜瘤	脑膜瘤
左下肺少许炎症	肺炎性改变
所见右肾低密度灶	肾囊肿
肝右叶高回声结节,血管瘤可能	肝血管瘤？
左下侧胸壁胸膜粘连	胸膜粘连
左下肺支气管扩张伴感染	支气管扩张
甲状腺右叶中上部低回声结节伴钙化,TI-RADS4B类	甲状腺结节 TI-RADS 4b类
甲状腺右叶下部背侧低至无回声结节,ACRTI-RADS3类	甲状腺结节 TI-RADS 3类
颈椎退行性变,C4/5、C5/6椎间盘轻度突出	颈椎间盘突出、颈椎退行性改变
主动脉瓣返流+	主动脉瓣返流
左肺尖孤立性肺大泡	肺大泡
升主动脉、主动脉窦部增宽	主动脉窦部增宽
双侧乳腺无回声区,囊性增生？	乳腺囊性增生
右侧乳腺实性结节伴周边钙化(BI-RADS3类)	乳腺结节 BI-RADS 3类
右肺上叶多发结节,考虑良性病变	肺结节肺结节
脾脏小结节,考虑血管瘤	肝血管瘤
子宫多发低回声团块,考虑子宫肌瘤	子宫肌瘤？
右肾多发无回声区,考虑多囊肾	多囊肾
自诉甲状腺大部分切除术后	甲状腺切除术后
右肝轻度脂肪肝	脂肪肝
子宫低回声结节伴钙化,考虑子宫肌瘤伴钙化	子宫肌瘤
双肺上叶尖（后）段间隔旁肺气肿	肺气肿
所见右侧上颌窦囊肿,双侧筛窦少许炎症	筛窦炎、上颌窦囊肿
左侧颞极及枕大池右侧蛛网膜囊肿	大枕大池、蛛网膜囊肿
肝右叶高回声结节,肝血管瘤可能	肝血管瘤？
自诉甲状腺左叶切除术后	甲状腺切除术后
双肺慢性炎症性病灶	肺炎
甲状腺双侧叶结节	甲状腺结节
双侧颈部淋巴结肿大(部分伴钙化,淋巴门消失),考虑转移性	颈部淋巴结肿大
右肝内胆管结石	胆管结石
左肺舌叶陈旧病灶	肺陈旧性病灶
自诉甲状腺右叶切除及左叶部分切除术后	甲状腺切除术后
双侧乳腺多发囊性结节(BI-RADS2-3类)	乳腺囊性结节
双肾囊肿(右肾囊肿伴囊壁钙化)	肾囊肿
甲状腺左叶多发实性、囊实性结节(TI-RADS3类)	甲状腺结节 TI-RADS 3类
胰岛素增高	胰岛素增高
左肝高回声结节,肝血管瘤？	肝血管瘤？
甲状腺左侧叶多发实性结节伴钙化(TI-RADS3类)	甲状腺结节 TI-RADS 3类
双侧颈动脉内-中膜稍增厚	颈动脉内-中膜增厚
甲状腺左叶实性结节伴多发钙化(TI-RADS3类)	甲状腺结节 TI-RADS 3类
甲状腺双侧叶囊实性结节(TI-RADS3类,左叶结节伴钙化)	甲状腺结节 TI-RADS 3类
左叶高回声结节,考虑肝血管瘤	肝血管瘤
甲状腺实质回声增粗、不均,考虑桥本氏甲状腺炎	甲状腺实质回声增粗、甲状腺实质回声不均
频发房性早搏时呈二联律	房性早搏
右肺上、中叶及左肺上叶下舌段散在慢性炎症,较2017-05-19CT大致相仿	肺慢性炎症
甲状腺右叶小结节	甲状腺结节
三尖瓣返流+-++	三尖瓣返流
肝右叶低回声区,肝血管瘤？局灶性肝脂肪浸润缺失？	肝血管瘤？、肝局灶性脂肪浸润
右肝内高回声区	肝高回声区
耳右耳耵聍栓塞	耵聍栓塞
背部皮下低回声结节,考虑脂肪瘤	脂肪瘤
双肾多发结石伴右肾局部肾窦扩张	肾结石
频发交界性早搏	早搏
考虑存在糖尿病发病高风险或糖尿病可能	糖尿病
右肺上叶继发型肺结核(纤维化、钙化为主)	继发型肺结核
右肺上叶继发型肺结核(纤维化、钙化为主)并胸膜增厚	胸膜增厚、继发型肺结核
右肝多发高回声结节,考虑血管瘤	肝血管瘤
尿上皮细胞计数增高	尿上皮细胞计数增高
甲状腺右侧结节大小约0.7cm×0.6cm	甲状腺结节
甲状腺左叶囊性结节(TI-RADS2类－考虑滤泡增生)	甲状腺结节 TI-RADS 2类
左肺上叶陈旧性结核	肺结核、肺陈旧性病灶
右肺少许纤维小结节	肺纤维结节
双侧肺气肿并肺大疱	肺气肿、肺大疱
双侧放射冠区及右侧基底节区小缺血灶或脱髓鞘病灶	脑缺血灶
L3-4椎间盘突出(中央型),伴椎管狭窄	腰椎间盘突出、腰椎间盘突出
甲状腺多发低至无回声结节	甲状腺结节
颈4-6椎体骨质增生及前纵韧带局部钙化	颈椎骨质增生
右下肺纯磨玻璃小结节	肺磨玻璃结节
附件右附件区增厚	附件增厚
右肝可疑低回声区	肝低回声区
甲状腺多发结节(左叶大者结节伴钙化)	甲状腺结节
慢性鼻窦炎(右)	鼻炎、慢性鼻窦炎
右侧附件区无回声区,卵巢囊肿可能(生理性？)	卵巢生理性囊肿？
肝内高回声结节,考虑肝血管瘤？	肝血管瘤？、肝血管瘤？
双肺慢性炎症,双肺气肿	肺气肿
上段肝外胆管稍扩张	胆管扩张
右肝多发高回声结节,考虑肝血管瘤	肝血管瘤
双侧乳腺多发低至无回声结节,考虑囊性增生	乳腺囊性结节、乳腺增生
双侧颈动脉内-中膜稍增厚伴左侧颈动脉窦部等回声斑块	颈动脉内-中膜增厚
双侧乳腺退化不全伴右侧乳腺局部导管扩张	乳腺导管扩张
前列腺低回声结节,考虑增生结节	前列腺增生
右肺尖小结节	肺结节肺结节
双上颌窦、筛窦炎	筛窦炎、上颌窦炎
右侧乳腺多发低回声结节(BI-RADS3类)	乳腺结节 BI-RADS 3类
双肺炎性病变,肺气肿、肺大泡,双侧胸膜增厚	肺气肿、肺大泡、胸膜增厚
胆囊颈部结石？	胆囊结石？
右肺中叶内段纤维小结节	肺纤维结节
T波改变(III、aVL、aVF、V4、V5、V6)	T波改变
左上肺炎性病变	肺部病变
右肺中叶及双肺胸膜下慢性炎症	肺慢性炎症
右膝关节退行性变,关节腔及关节周围滑囊积液	膝关节积液、膝关节退行性病变
双肺散在小结节影	肺结节
肝右叶低回声结节,血管瘤？	肝血管瘤？
左前臂皮下脂肪层内多发高回声结节,脂肪瘤？	脂肪瘤
宫颈多发潴留囊肿	宫颈潴留囊肿
右肺炎症	肺炎性改变
右肾体积稍小	肾体积稍小
自诉剖宫产术后,子宫低回声结节,子宫肌瘤？手术疤痕？	子宫肌瘤？
双侧颈动脉硬化伴左侧颈总动脉混合回声斑块形成	动脉硬化
双侧腹股沟低回声结节(右侧多发),考虑淋巴结	腹股沟淋巴结
右侧附件区多发无回声区,大者卵巢巧克力样囊肿？	卵巢巧克力样囊肿？
甲状腺左侧叶低密度结节影	甲状腺结节
尿清晰度增高	尿清晰度增高
多发性右肾囊肿,部分伴钙化	肾囊肿
右肺上叶前段炎症可能	肺炎性改变
胰腺内无回声区,考虑囊肿可能	胰腺囊肿？
双侧腋窝低回声结节,考虑反应性增生淋巴结可能	腋窝淋巴结反应性增生可能
左上颌窦粘膜下小囊肿、筛窦炎、鼻炎	筛窦炎、鼻炎、上颌窦囊肿
右肝稍高回声区	肝高回声区
左乳外上象限小斑片结节影考虑肿瘤可能(BI-RADS5)	神经源性肿瘤可能
宫颈肥大、口周糜烂	宫颈肥大
L4左侧椎弓峡部裂并L4椎体向前Ⅰ度滑脱	腰椎滑脱
右肺中叶、左肺上叶舌段、下叶外侧底段散在慢性炎症、部分支气管扩张	慢性支气管炎、支气管扩张、肺慢性炎症
胆囊窝内高回声区,胆囊萎缩？胆总管扩张	胆囊萎缩、胆总管扩张
甲状腺双侧叶多发囊实性结节(TI-RADS2类)	甲状腺结节 TI-RADS 2类
血浆凝血酶时间TT增高	血浆凝血酶时间TT增高
L5/S1椎间盘突出(中央型)	腰椎间盘突出、腰椎间盘突出
右上肺气肿	肺气肿
右侧筛窦、左侧蝶窦炎症	鼻窦炎
双侧筛窦、上颌窦慢性炎症	鼻窦炎
双肺局限性肺气肿	肺气肿
双肾囊肿(右侧多发)	肾囊肿
甲状腺左侧叶低回声小结节,考虑结节性甲状腺肿	结节性甲状腺肿
耳左耳先天性耳前瘘管	先天性耳前瘘管
右侧斜裂胸膜多发结节状钙化	胸膜钙化
腰椎少许骨质增生	腰椎骨质增生
右肺上叶、中叶散在毛玻璃灶,考虑炎症所致	肺炎性改变
右肺下叶背段纤维小结节、右中肺纤维机化灶	肺纤维结节、肺纤维灶
细菌性阴道病检测(BV)	细菌性阴道病
平均红细胞体积增高	平均红细胞体积增高
左侧乳腺低回声结节,(BI-RADS3类)	乳腺结节 BI-RADS 3类
右肺下叶背段、左肺上叶舌段磨玻璃样结节	肺磨玻璃结节
甲状腺多发低回声结节,右叶部分结节伴钙化	甲状腺结节
考虑左下肺纤维小结节,左上肺钙化灶	肺纤维结节、肺钙化灶
符合双侧筛窦炎、鼻炎	鼻窦炎、鼻炎
甲状腺右侧叶囊实性结节(TI-RADS3类)	甲状腺结节 TI-RADS 3类
右肝胆管多发结石	胆管结石
子宫高回声结节,肌瘤？	子宫肌瘤
右肺纤维化及钙化灶	肺部钙化灶、肺纤维化、肺纤维灶
右上肺局部纤维化	肺纤维化
骶管多发小囊肿	骶管囊肿
甲状腺双侧叶结节(左叶多发),考虑结节性甲状腺肿	结节性甲状腺肿
右输尿管上段结石	输尿管结石
左侧腋窝淋巴结可见	腋窝淋巴结可见
甲状腺左叶低回声结节,结节性甲状腺肿？	结节性甲状腺肿？
右侧颈动脉起始段瘤样扩张伴斑块形成	颈动脉瘤
枕后皮下低回声结节,脂肪瘤？	脂肪瘤
双侧肺气肿伴肺大泡形成,右肺少许机化灶	肺气肿、肺大泡
后唇中度柱状上皮异位	宫颈柱状上皮异位
右下肺钙化点	肺钙化
胆囊充满型结石	胆囊结石
颈椎退行性变	颈椎退行性改变
左肾积水,左输尿管结石	肾积水、输尿管结石
GAGE7自身抗体增高	GAGE7自身抗体增高
右侧睾丸鞘膜积液	鞘膜积液
右侧卵巢旁无回声区,考虑卵巢囊肿	卵巢囊肿
双眼屈光不正(右眼中度近视+散光,左眼高度近视)	屈光不正
甲状腺多发低回声结节,右叶大者伴钙化	甲状腺结节
TPO-Ab增高	TPO-Ab增高
双肾多发结石伴积水	肾结石伴积水
双肾实质多发高回声结节,考虑多发性肾错构瘤	肾错构瘤
右肺下叶后基底段小结节	肺结节肺结节
角膜左眼角膜白斑	角膜白斑
双附件附件拒绝双合诊	附件拒绝双合诊
左肺下叶慢性炎症	肺慢性炎症
子宫多发低回声结节,考虑多发性子宫肌瘤(部分肌瘤伴钙化)	子宫肌腺瘤
双肾多发高回声结节,考虑肾错构瘤	肾错构瘤
左肺下叶磨玻璃影、右肺上叶后段及下叶前基段斑点、粟粒结节影,慢性炎症可能	肺磨玻璃结节
胆囊底部异常信号,考虑为腺肌症可能	胆囊腺肌症可能
右肺中上叶及左肺上叶多发粟粒结节	肺结节肺结节
考虑右侧第四肋骨陈旧性骨折	骨折
C3/4、C4/5、C6/7椎间盘突出,合并C4/5平面黄韧带肥厚,继发椎管狭窄	颈椎间盘突出
子宫腔内稍高回声结节,子宫内膜息肉？	子宫内膜息肉？
肝内低回声结节	肝结节
右上肺少许纤维化	肺纤维化
左肾多发囊肿(部分伴囊壁钙化)	肾囊肿
主动脉壁及冠状动脉走行区多发钙化	冠状动脉钙化、主动脉钙化
肝右叶内高回声结节,考虑良性结节	肝结节
左下肺及左肺门小点状钙化灶	肺钙化灶
腰椎退行性改变,L4-5椎间盘轻度膨隆	腰椎退行性病变
甲状腺右叶多发实性结节(TI-RADS2类)	甲状腺结节 TI-RADS 2类
甲状腺球蛋白增高	甲状腺球蛋白增高
子宫多发低回声团,考虑子宫肌瘤	子宫肌瘤？
双侧筛窦炎、左上颌窦粘膜下囊肿	筛窦炎、上颌窦囊肿
子宫增大伴宫壁回声不均,考虑子宫腺肌增生症	子宫增大
甲状腺右叶多发实性结节伴钙化(TI-RADS3类)	甲状腺结节 TI-RADS 3类
脂蛋白(a)增高	脂蛋白(a)增高
C4/5椎间盘轻突出,C6/7椎间盘膨隆	颈椎间盘突出
右下肺实性结节	肺结节
双侧上颌窦、筛窦及右额窦慢性炎症	鼻窦炎
腰椎退行性变,L4/5、L5/S1椎间盘膨出	腰椎间盘膨出、腰椎退行性变
肝右叶囊肿	肝囊肿
残余甲状腺多发低回声结节,考虑结节性甲状腺肿	结节性甲状腺肿
胃壁稍毛糙,考虑慢性胃炎	慢性胃炎
左肺下叶实性小结节	肺结节肺结节
右肺下叶肺大泡	肺大泡
右肺上叶水平裂胸膜下良性小结节	肺结节肺结节
右肺上叶后段、下叶背段、左肺下叶外侧底段多发磨玻璃小结节	肺磨玻璃结节
子宫颈偏大、多发潴留囊肿	宫颈潴留囊肿
尿素氮增高	尿素氮增高
左肺上叶舌段、下叶内前底段胸膜下慢性炎症性病变	肺部病变
ABO血型A型	ABO血型A型
肝S7段胆管结石或钙化灶	胆管结石、肝钙化灶、肝内钙化灶
双侧额叶散在缺血灶	脑缺血灶
余肺散在慢性炎症	肺慢性炎症
右上肺少许支气管轻度扩张	支气管扩张
双肺肺气肿	肺气肿
右肺中叶及双肺叶间胸膜下散在慢性炎症	肺慢性炎症
C13检测幽门螺旋杆菌阳性	幽门螺旋杆菌阳性
考虑慢性支气管炎、肺气肿、双上肺多发肺大泡	慢性支气管炎、肺气肿、肺大泡
内科既往史高血压病	高血压病
右肺中上叶少许慢性炎症	肺慢性炎症
左肺上叶散在树芽病灶,考虑为炎性病变	肺炎性改变
考虑左肺下叶陈旧性病灶	肺陈旧性病灶
右上局限性胸膜肥厚粘连	胸膜粘连
左肝内低回声结节,性质待定(肝血管瘤？)	肝血管瘤？、肝血管瘤？
胆总管显示不清	胆囊显示不清
子宫内膜增厚,回声不均匀	子宫内膜增厚
多发性膀胱憩室	膀胱憩室
宫口可见一大小约0.4cmX0.4cm的息肉样组织	宫颈息肉
双侧基底节及放射冠区多发腔隙性脑梗死	腔隙性脑梗死
右肺上叶及左肺下舌段少许陈旧纤维机化灶	肺纤维灶、肺陈旧性病灶
双侧筛窦炎性改变	鼻窦炎
左侧顶叶腔隙性缺血灶	脑缺血灶
颈椎退行性变,C4/5、C5/6、C6/7、C7/T1椎间盘轻度突出	颈椎间盘突出、颈椎退行性改变
右肾实质内高回声结节,肾错构瘤？钙化灶？	肾错构瘤？、肾钙化灶
左肺慢性炎症	肺炎
右肺多发小结节	肺结节肺结节
右侧肾上腺区低回声结节,肾上腺嗜铬细胞瘤？	嗜铬细胞瘤？、肾上腺结节
左肺下叶小肺大疱,较前片(2017-11-23)对比相仿	肺大疱
右肺中叶及左肺下叶结节	肺结节肺结节
右侧附件区混合回声团块,畸胎瘤？	卵巢畸胎瘤？
胃壁毛糙,考虑胃炎	胃炎
主动脉壁及左冠状动脉走行区钙化	冠状动脉钙化、主动脉钙化
右中肺、左肺舌叶少许纤维机化灶	肺纤维灶
左侧外周血管弹性度下降	外周血管弹性度下降
双膝关节退行性改变	膝关节退行性病变
右肺中、下叶少许纤维机化灶	肺纤维灶
双侧颈动脉内-中膜轻度增厚	颈动脉内-中膜增厚
肝左叶低回声团,考虑占位性病变,性质待定(血管瘤？肝局灶性结节增生？)	肝结节？、肝占位性病变？
双侧筛窦、双侧上颌窦炎症	筛窦炎、上颌窦炎
L3-4、L5-S1椎间盘膨隆	腰椎间盘膨出
C5-6椎间盘膨隆	颈椎间盘膨出
右肺上叶陈旧性病变	肺陈旧性病灶
甲状旁腺激素降低	甲状旁腺激素降低
左肺下叶后基段条索影,为慢性炎症所致	肺慢性炎症
左肺下叶支气管扩张伴感染、左下肺多发肺大泡、左下肺萎陷	肺大泡、支气管扩张
甲状腺多发结节,大者结节腺瘤可能	甲状腺腺瘤？
左肝内低回声区,考虑局灶性肝脂肪浸润缺失	局灶性脂肪肝
前列腺增生	前列腺增生
右侧椎动脉狭窄	椎动脉狭窄
双肾囊肿伴部分囊壁钙化	肾囊肿
右肺上叶继发型肺结核(纤维化为主、部分钙化)	继发型肺结核
左肺上叶尖后段肺大泡	肺大泡
子宫内膜区稍高回声斑,子宫内膜息肉？	子宫内膜息肉？
左肝稍低密度影	肝低密度影
右眼老年性白内障	白内障
腰椎及双髋骨质减少	骨质减少
左肺下叶小钙化灶	肺钙化灶
左侧附件区混合回声结节,卵巢畸胎瘤？	卵巢畸胎瘤？
右肺上叶后段及右肺中叶、左肺下叶后基段散在慢性炎症	肺慢性炎症
右肺上叶慢性炎症伴胸膜增厚	胸膜增厚
左肺上叶陈旧性病灶	肺陈旧性病灶
双侧筛窦少许炎症	鼻窦炎
甲状腺左侧叶低回声结节(TI-RADS2类)	甲状腺结节 TI-RADS 2类
C4-5、C5-6椎间盘膨出	颈椎椎间盘膨出
左肾中份结节样占位,考虑MT？	肾MT？
双肾囊肿(左侧多发)	肾囊肿
右肝等回声结节,肝血管瘤？	肝血管瘤？
腰椎退行性改变,L3、L4椎体上缘许莫氏结节	许莫氏结节、腰椎退行性变
右肺尖磨玻璃密度结节	肺磨玻璃结节
双侧额顶叶深部多发腔梗,脑萎缩	脑萎缩
右第5肋骨折后改变	骨折
右上肺实性小结节	肺结节肺结节
双肾多发囊肿(部分囊肿伴钙化)	肾囊肿
左下肺小结节	肺结节肺结节
甲状腺双叶囊性结节(TI-RADS2类)	甲状腺结节 TI-RADS 2类
子宫多发实性占位,考虑多发性子宫肌瘤	子宫肌瘤？
右放射冠区腔隙性脑梗塞	腔隙性脑梗塞
双肾多发高回声结节,考虑肾错构瘤可能	肾错构瘤？
右肺中叶胸膜下微小结节,必要时定期复查	肺结节
右侧附件区无回声区,卵泡？	卵泡
子宫前壁无回声区,考虑囊肿	子宫囊肿
腰椎退行性变,L3/4、L4/5椎间盘膨出,L5/S1段椎管狭窄	腰椎退行性变、腰椎间盘膨出
右中下肺少许纤维机化灶,右上肺孤立性肺大泡	肺大泡、肺纤维灶
右侧乳腺囊性结节伴钙化(BI-RADS3类)	乳腺结节 BI-RADS 3类
右肺中下叶少许慢性炎症	肺慢性炎症
右肺下叶微小结节影主,随访	肺结节
双肺纹理轻度增强	肺纹理增强
甲状腺双侧叶囊实性结节,左叶多发(TI-RADS3类)	甲状腺结节 TI-RADS 3类
左肺上叶后段少许炎症病灶	肺炎性改变
肝左叶结节,考虑肝血管瘤	肝血管瘤
左肺上叶及右肺中上叶微小结节,较2017-9-8片大致大致相仿	肺结节肺结节
尿结晶计数增高	尿结晶计数增高
扁桃体右II度肿大	扁桃体肿大、扁桃体Ⅱ度肿大
双侧附件区无回声区,考虑卵巢囊肿	卵巢囊肿
双侧颈动脉内-中膜增厚伴左侧颈内动脉斑块形成	颈动脉内-中膜增厚、颈动脉斑块形成
双侧腋窝扁平稍高回声区,副乳可能	副乳
鼻鼻前庭粘膜糜烂充血、鼻中隔偏曲	鼻中隔偏曲、鼻粘膜糜烂、鼻粘膜充血
体型属于肥胖型	肥胖
右肝小囊肿	肝囊肿
右肺中叶少许慢性炎症,(与2017-11-29片大致相仿)	肺慢性炎症
左肾无回声区,肾盂旁囊肿？积水？	肾盂旁囊肿？、肾积水
椎间盘突出可能	椎间盘突出可能
子宫多发低回声结节伴其一钙化,考虑多发性子宫肌瘤	子宫腺肌瘤？
双侧额叶、放射冠区少许缺血灶	脑缺血灶
双侧颈部淋巴结肿大	颈部淋巴结肿大
甲状腺左叶三个低回声结节,TI-RADS4A类	甲状腺结节 TI-RADS 4a类
广泛导联T波改变	T波改变
右肝内稍高回声区,考虑局灶性肝脂肪浸润	局灶性脂肪肝
左肺上叶舌段肺大泡	肺大泡
双侧颈动脉硬化伴右侧颈动脉多发斑块形成	动脉硬化
双侧乳腺增生伴左侧乳晕区导管扩张	乳腺增生、乳腺导管扩张
双肺上叶间隔旁肺气肿	肺气肿
L4-5椎间盘突出(中央偏左),L3-4、L5-S1椎间盘膨出	腰椎间盘膨出、腰椎间盘突出
肝内胆管多发结石或钙化灶	胆管结石、肝内钙化灶
甲状腺多发囊性结节(TI-RADS2类),甲状腺右叶囊实性结节(TI-RADS2类)	甲状腺结节 TI-RADS 2类
左肺多发小结节(多考虑为良性)	肺结节
考虑左肺炎症性病变	肺炎性改变
甲状腺实质回声稍增粗、血流信号稍丰富	甲状腺实质回声增粗
左侧额叶腔隙性缺血灶可能	脑缺血灶可能
双眼老年性白内障(早期)	白内障
右肺中下叶及左肺上叶散在少许慢性炎症	肺慢性炎症
左侧放射冠区腔隙性脑梗死	腔隙性脑梗死
子宫增大伴宫壁回声增粗欠均,子宫腺肌增生症？	子宫增大
右上肺及双下肺炎症	肺炎性改变
甲状腺左叶下极实性结节(TI-RADS3类)	甲状腺结节 TI-RADS 3类
自诉前列腺术后,残余前列腺增大伴结石	前列腺增大伴结石、前列腺术后
分泌物量多、色黄、豆渣样	阴道分泌物异常
左侧颈总动脉轻度狭窄	颈动脉狭窄
肝内多发强回声,考虑肝内胆管结石	胆管结石
胆囊内多发斑状强回声,胆囊结石？	胆囊结石？
左侧乳腺约6点处低回声结节,考虑脂肪瘤	乳腺脂肪瘤
双肺下叶及左肺上叶小结节	肺结节肺结节
甲状腺左叶无回声结节(TI-RADS2类)	甲状腺结节 TI-RADS 2类
眼睑双眼上睑下垂	上睑下垂
右肾多发囊肿(部分伴囊壁钙化)	肾囊肿
升主动脉增宽	主动脉增宽
甲状腺多发低回声结节(左叶结节伴钙化)	甲状腺结节
双肺多发结节及陈旧灶,部分新增结节	肺结节、肺陈旧性病灶
双侧基底节-放射冠区腔梗,脑萎缩	脑萎缩
双侧乳腺增生伴右侧乳腺多发局部导管扩张	乳腺增生、乳腺导管扩张
L5椎体上缘许莫氏结节形成	许莫氏结节
双肺上叶少许慢性炎症	肺慢性炎症
右肝稍高回声结节,血管瘤可能	肝血管瘤？
右肝低回声区,血管瘤？不均匀性脂肪肝？	不均匀性脂肪肝、肝血管瘤？
右肺间隔旁肺气肿	肺气肿
双膝关节半月板轻度退变伴少量积液	膝关节半月板退行性改变、膝关节积液
双附件右侧附件区增厚、无压痛	附件压痛、附件增厚
双肺尖陈旧性病灶	肺陈旧性病灶
右膝外侧半月板前角II度改变,前交叉韧带损伤、变性,关节腔少许积液	关节积液、半月板损伤
外周血管左下肢轻度静脉曲张	下肢静脉曲张
右肺上叶肺气肿	肺气肿
甲状腺多发结节(其一结节伴钙化)	甲状腺结节
扫及肝右叶囊肿可能	肝囊肿？
内眼右眼白内障术后、左眼老年性白内障	白内障
中耳双耳鼓膜内陷	鼓膜内陷
右肺上下叶微小结节及钙化灶、左肺下叶条索影,为慢性炎症所致	肺结节、肺钙化灶
左肺上叶前段、两肺下叶多发小结节。其中左上肺(Img35)病灶随访半年复查对比	肺结节肺结节
右侧附件区混合回声区(黄体囊肿？畸胎瘤待排？)	黄体囊肿？
子宫壁无回声区,考虑剖宫产术后子宫切口憩室	憩室
C5/6、C6/7椎间盘膨隆	颈椎间盘膨出
右肺上叶及左肺下叶多发小结节样病灶,随访	肺结节
子宫多发低回声结节(大者结节伴钙化),考虑子宫肌瘤	子宫肌瘤？
甲状腺多发结节,ACRTI-RADS4类	甲状腺结节 TI-RADS 4类
双肺少许局限性肺气肿	肺气肿
双侧基底节区、放射冠腔隙性脑梗死,脑萎缩	脑萎缩、腔隙性脑梗死
甲状腺右叶低回声结节伴钙化,性质待定	甲状腺结节
频发室性早搏,多呈三联律	室性早搏
胆总管轻度扩张	胆总管扩张
双肺散在慢性炎症、少许肺气肿	肺气肿、肺慢性炎症
甲状腺右叶实性结节(TI-RADS2类)	甲状腺结节 TI-RADS 2类
T11-12、L1压缩性骨折	腰椎压缩性骨折
甲状腺低回声结节(左叶多发)	甲状腺结节
肝实质回声增粗伴多发稍高回声结节	肝回声增粗
右侧附件区低至无回声包块,右侧卵巢巧克力样囊肿？	卵巢巧克力样囊肿？
甲状腺右叶多发无回声结节,结节性甲状腺肿可能	结节性甲状腺肿？
左肾实质内高回声结节,考虑占位性病变,肾错构瘤？	肾错构瘤？、肾占位性病变
室间隔及左室前壁增厚	室间隔增厚
左侧乳腺不均质回声区(术后改变？)	左侧乳腺术后
右侧附件区无回声区,卵泡可能	卵泡
右肺上叶尖段少许慢性炎症病灶	肺慢性炎症
右侧附件区低回声结节	附件区结节
甲状腺右叶无回声结节,考虑结节性甲状腺肿	结节性甲状腺肿
体型属于肥胖型	肥胖
左肺下叶胸膜下少许慢性炎症病灶	肺慢性炎症
白陶土部分凝血活酶时间AP降低	白陶土部分凝血活酶时间AP降低
下壁导联异常Q波	异常Q波
右肺尖微小结节影	肺结节肺结节
甲状腺实质回声增粗伴不均	甲状腺实质回声增粗、甲状腺实质回声不均
右侧上颌窦、筛窦慢性炎症	鼻窦炎
双侧乳腺低回声结节(左乳多发),纤维腺瘤？	乳腺纤维瘤？、乳腺结节
左上肺部分实性结节	肺结节
右肝多发高回声结节,多发性肝血管瘤？肝多发钙化灶？	肝钙化灶
考虑慢性支气管炎、右下肺少许纤维机化灶	慢性支气管炎、肺纤维灶
考虑右肺下叶前基底段纤维小结节	肺纤维结节
双侧乳腺实性结节(左乳多发,BI-RADS3类)	乳腺结节 BI-RADS 3类
左肺上叶尖后段、舌段少许慢性炎症病灶	肺慢性炎症
甲状腺多发低回声结节,其中右侧叶一结节伴钙化	甲状腺结节
左肺散在小结节	肺结节肺结节
双肺上叶继发性肺结核,并支气管扩张	支气管扩张、继发型肺结核
右肝多发稍高回声结节,血管瘤？	肝血管瘤？
PGI/PGII增高	PGI/PGII增高
右侧乳腺低回声结节,考虑纤维腺瘤	乳腺纤维瘤？、乳腺结节
甲状腺多发结节,左叶大者结节考虑滤泡性肿瘤	甲状腺滤泡性肿瘤
左乳低回声结节伴钙化(BI-RADS4A类)	乳腺结节 BI-RADS 4A类
右肺上、中叶、左肺上叶舌段散在慢性炎症性病灶	肺慢性炎症
双侧乳腺增生(轻度)	乳腺增生
外科既往史甲状腺术后(具体原因不详)	甲状腺术后
双肺下叶微小结节	肺结节肺结节
自诉甲状腺功能亢进治疗中,甲状腺实质回声增粗、不均	甲状腺实质回声增粗、甲状腺实质回声不均
甲状腺右叶下极低回声结节(TI-RADS3类)	甲状腺结节 TI-RADS 3类
右肺上叶结节	肺结节肺结节
右肺中叶内段及左肺舌叶少许纤维机化灶	肺纤维灶
甲状腺实质回声增粗伴右叶低回声结节,桥本氏甲状腺炎？	甲状腺回声增粗
甲状腺右叶多发低回声结节,结节性甲状腺肿可能	结节性甲状腺肿？
左侧乳腺多发无回声区,囊性增生？	乳腺囊性增生
双侧颈动脉硬化伴双侧颈动脉斑块形成	动脉硬化
左肾实质内稍高回声结节,肾错构瘤？	肾错构瘤？
肝实质回声稍增粗,考虑酒精肝轻度改变	肝回声增粗
颈4-7椎体骨质增生及颈5-6、6-7椎间隙轻度变窄	颈椎骨质增生、颈椎椎间隙变窄
肛检外痔	外痔
双侧乳腺低回声结节,考虑增生结节？	乳腺增生
左肺下舌段少许纤维机化灶	肺纤维灶
双肺散在慢性炎症性病灶	肺慢性炎症
甲状腺右叶等回声结节,滤泡性肿瘤？TI-RADS4A类	甲状腺结节 TI-RADS 4a类、甲状腺滤泡性肿瘤
典型心室预激(WPW型)	心室预激
子宫多发结节,多发性子宫肌瘤？	子宫肌瘤
甲状腺低回声结节,考虑腺瘤	甲状腺腺瘤
右上肺及左肺少许纤维小结节	肺纤维结节
双侧乳腺囊性增生	乳腺囊性增生
甲状腺右叶低回声结节伴包膜钙化,ACRTI-RADS3类	甲状腺结节 TI-RADS 3类
甲状腺内多发无回声结节,考虑滤泡增生	甲状腺结节
免散瞳眼底照相右眼视网膜玻璃膜疣可能	玻璃膜疣
左大腿皮下软组织稍高回声结节,脂肪瘤？	脂肪瘤
右肺尖区磨玻璃影,病灶部分层面较前片(2017-09-05)稍显增大	肺磨玻璃结节
双肾结石可能	肾结石？
双肺上叶良性小结节	肺结节肺结节
右侧附件区无回声区,生理性囊肿？	卵巢生理性囊肿？
甲状腺左叶低回声结节伴钙化,考虑占位性病变,MT待排除	甲状腺MT待排
C3降低	C3降低
鼻鼻炎、双下鼻甲肥厚,粘膜充血	鼻炎、下鼻甲肥厚、鼻粘膜充血
右肾下部高回声团,性质待定,肾占位？肾外气体伪像？	右肾占位？
双肺少许慢性炎症伴部分机化灶	肺慢性炎症
自诉前列腺部分切除术后,残余前列腺增大	前列腺增大、前列腺术后
肝右叶低回声结节,血管瘤可能	肝血管瘤？
二尖瓣轻-中度反流	二尖瓣反流
右肺下叶点状钙化灶	肺钙化灶
乙肝表面抗原定量增高	乙肝表面抗原定量增高
上颌窦筛窦炎、鼻炎	筛窦炎、鼻炎、上颌窦炎
双侧乳腺实性结节(BI-RADS2类)	乳腺结节 BI-RADS 2类
甲状腺右叶多发小结节	甲状腺结节
主动脉退行性变伴返流+	主动脉退行性变伴返流
慢性支气管炎、肺气肿、双上肺大泡	慢性支气管炎、肺气肿、肺大泡
左肾实质高回声结节,考虑左肾错构瘤	肾错构瘤
双侧颈动脉硬化伴左侧颈内动脉起始段斑块形成	动脉硬化
右侧基底节区及左侧额叶少许缺血灶	脑缺血灶
右上肺胸膜小结节,拟炎性病变可能	肺结节？
室间隔明显增厚,考虑肥厚型心肌病	肥厚型心肌病
双侧筛窦及额窦慢性炎症	鼻窦炎
双肺外周带散在慢性炎症,部分为间质性改变	肺慢性炎症
右肺下叶前基底段胸膜下少许慢性炎症	肺慢性炎症
胆囊点状等回声,考虑胆泥淤积	胆泥淤积
右肝前下段、左肾低密度影,范围大致同前	肝低密度影
右肺中叶磨玻璃密度结节	肺磨玻璃结节
两侧基底节区陈旧性腔隙性脑梗塞灶	腔隙性脑梗塞
鼻变应性鼻炎、双下鼻甲肥厚	变应性鼻炎、下鼻甲肥厚
右肾无回声区,考虑肾钙乳症	肾钙乳症
右侧乳腺多发结节,考虑增生结节	乳腺增生
肝右叶稍高回声结节,肝血管瘤可能	肝血管瘤？
肝右叶等回声结节,血管瘤？不均匀性脂肪肝？	不均匀性脂肪肝、肝血管瘤？
双侧腋窝皮下多发无回声结节,考虑皮脂腺囊肿	皮脂腺囊肿
L5双侧椎弓峡部裂伴椎体向前Ⅰ°滑脱	腰椎滑脱
血小板压积降低	血小板压积降低
右侧输尿管下段无回声区,囊肿？	输尿管囊肿？
右侧中组筛窦炎	筛窦炎
左肾实质内高回声结节	肾结节
C4降低	C4降低
考虑慢性支气管炎、肺气肿、右上肺叶间胸膜增厚、左肺下叶前内基底段炎症	慢性支气管炎、肺气肿
双侧颈动脉内-中膜局部增厚伴右侧斑块形成	颈动脉内-中膜增厚、颈动脉斑块形成
右侧锁骨及多根肋骨陈旧性骨折	骨折
肝左叶低回声区,考虑局灶性肝脂肪浸润缺失	局灶性脂肪肝
右肺上叶尖段、左肺下叶后基底段微小结节	肺结节肺结节
甲状腺峡部低回声结节伴钙化,TI-RADS4A类	甲状腺结节 TI-RADS 4a类
巨细胞病毒IgG阳性	巨细胞病毒IgG阳性
颈椎退行性变,C5/6椎间盘膨隆	颈椎间盘膨出、颈椎退行性改变
右侧乳腺术后,右侧乳腺12点处实性结节(BI-RADS3类)	乳腺结节 BI-RADS 3类
左侧附件区混合回声结节,畸胎瘤待排除	卵巢畸胎瘤？
双眼屈光不正(散光)	屈光不正
颈4-6椎体轻度骨质增生及颈3-4椎间隙轻度变窄	颈椎骨质增生、颈椎椎间隙变窄
甲状腺多发结节,左叶大者结节性质待定	甲状腺结节
T波改变(III、aVF、V4-V6)	T波改变
结合膜双眼鼻侧翼状胬肉	翼状胬肉
右肺慢性炎症	肺炎
甲状腺多发结节,考虑结节性甲状腺肿(右叶结节瘤化)	结节性甲状腺肿
右肺上叶前段、右肺下叶背段微小结节,随访	肺结节肺结节
右上肺钙化灶、纤维化	肺钙化灶、肺纤维化
双侧上颌窦、右侧蝶窦炎症	鼻窦炎
子宫多发低回声结节,考虑子宫肌瘤	子宫肌瘤？
胆囊壁增厚、毛糙伴多发结石	胆囊结石、胆囊壁增厚、胆囊壁毛糙
主动脉及双侧冠状动脉粥样硬化,左侧冠状动脉内支架植入术后改变	动脉粥样硬化、冠状动脉支架术后
肺动脉高压(轻度)	肺动脉高压
甲状腺右叶结节,TI-RADS3类	甲状腺结节 TI-RADS 3类
甲状腺多发结节(右叶结节伴钙化),考虑结节性甲状腺肿	结节性甲状腺肿
右肝多发性囊肿	肝囊肿
左肝内混合回声结节	肝结节
双乳多发低至无回声结节	乳腺结节
右肾实质内高回声结节,肾错构瘤？	肾错构瘤？
双侧颈动脉内-中膜稍毛糙伴左侧斑块形成	颈动脉斑块形成
T波改变(II、III、aVF、V4、V5、V6)	T波改变
考虑双上肺陈旧性肺结核灶,伴右上肺胸膜粘连	肺结核、胸膜粘连、肺陈旧性病灶
右侧颈动脉窦部斑块形成	颈动脉斑块形成
左侧睾丸鞘膜积液	鞘膜积液
双侧乳腺多发低至无回声结节,增生结节？	乳腺结节
考虑慢性支气管炎、两肺少许陈旧病灶、右上肺及左下肺少许肺大泡	慢性支气管炎、肺大泡、肺陈旧性病灶
左叶多发实性结节(TI-RADS3类)及多发囊性结节(TI-RADS2类)	甲状腺结节 TI-RADS 2类、甲状腺结节 TI-RADS 3类
ST段改变(II、III、aVF、V4-V6)	ST段改变
右肾结晶	肾结晶
右侧肾上腺区低密度影结节	肾上腺结节
左下肺局部纤维化	肺纤维化
甲状腺左侧叶无回声结节,考虑结节性甲状腺肿	结节性甲状腺肿
右下肺小点状钙化灶	肺钙化灶
铜降低	铜降低
肝囊肿	肝囊肿
尿白细胞计数增高	尿白细胞计数增高
双肺多发斑片状及微小结节影	肺结节
甲状腺多发低回声区,结合病史,考虑亚甲炎	亚甲炎
甲状腺右叶中部低回声结节(TI-RADS4B类)	甲状腺结节 TI-RADS 4b类
外科既往史腰椎间盘突出症术后(腰椎纵行手术瘢痕长约15cm)	腰椎间盘突出、腰椎间盘突出
双肾数个微小结石	肾结石
慢性支气管炎,双肺弥漫性肺气肿、多发肺大泡	慢性支气管炎、肺气肿、肺大泡
右侧筛窦、双侧上颌窦慢性炎症	鼻窦炎
双侧乳腺低至无回声结节,增生结节？	乳腺结节
双侧颈动脉硬化伴斑块形成(右侧多发)	颈动脉硬化
纵隔内及左肺门钙化灶	肺钙化灶
大脑额顶叶少许缺血灶	脑缺血灶
双侧乳腺多发低至无回声结节(BI-RADS3类)	乳腺结节 BI-RADS 3类
左侧乳腺不均质结节,BI-RADS3类,考虑增生结节	乳腺增生
频发房性早搏,大部分未下传	房性早搏
左上肺及右下肺纤维机化灶	肺纤维灶
L3-4、L4-5、L5-S1椎间盘膨出	腰椎间盘膨出
右肺上下叶炎症	肺炎性改变
糖基抗原242增高	糖基抗原242增高
甲状腺多发结节,大者结节伴钙化,TI-RADS3类	甲状腺结节 TI-RADS 3类
甲状腺右侧叶内无回声结节,考虑滤泡增生	甲状腺结节
部分导联ST-T改变	ST-T改变
考虑右肺中叶少许慢性炎症	肺慢性炎症
最大聚集率（ADP）增高	最大聚集率（ADP）增高
左侧乳腺低回声结节,考虑导管内乳头状瘤	乳腺结节
甲状腺实质回声增粗不均、血流稍丰富	甲状腺实质回声增粗、甲状腺实质回声不均
心包腔积液	心包积液
子宫高回声结节,考虑子宫肌瘤变性	子宫肌瘤
左肾偏小、实质回声稍增强	肾偏小
耳右鼓膜穿孔	鼓膜穿孔
甲状腺多发结节,部分结节伴钙化,考虑结节性甲状腺肿	结节性甲状腺肿
甲状腺实质回声增粗伴双侧叶低回声结节(左叶伴钙化),考虑结节性甲状腺肿	甲状腺回声增粗
右肝多发高回声结节,肝血管瘤？	肝血管瘤？
右侧上颌窦少许炎症	鼻窦炎
前列腺低回声结节	前列腺结节
右侧乳腺稍高回声结节	乳腺结节
左侧附件区无回声区,囊肿？	附件囊肿？
肝右叶多发低回声结节,考虑肝多发血管瘤	肝血管瘤
胆囊砂粒样结石	胆囊泥沙样结石
双侧囊性乳腺增生	乳腺囊性增生
左额叶腔隙性缺血灶	脑缺血灶
双侧乳腺多发无回声区,考虑乳腺囊肿	乳腺囊肿
C3-4椎间盘膨隆	颈椎间盘膨出
考虑肝脏数个小囊肿	肝脏囊肿
左侧乳腺多发导管扩张(BI-RADS2类)	乳腺导管扩张
右侧附件区长条形无回声区,输卵管积水？	输卵管积水？
双肺尖陈旧性病灶,伴胸膜粘连,多发肺大泡	胸膜粘连肺大泡、肺陈旧性病灶
子宫前壁稍高回声结节,考虑子宫肌瘤	子宫腺肌瘤？
左下肺肺大泡	肺大泡
甲状腺右叶切除术后	甲状腺切除术后
双肺慢性炎症(间质性为主)并远端部分支气管扩张、双侧胸膜增厚	支气管扩张
右肾囊样低密度影	肾低密度影
甲状腺右叶低回声结节,TI-RADS4A类	甲状腺结节 TI-RADS 4a类
双附件区无回声区	附件区无回声区
肝多发小囊肿	肝囊肿
甲状腺右叶多发囊实性结节,其一结节伴钙化(TI-RADS3类)	甲状腺结节 TI-RADS 3类
左肺上叶、右肺中叶少许慢性炎症	肺慢性炎症
左下肺少许慢性炎症,伴局部支气管轻度继发性扩张,局部胸膜粘连	支气管扩张、肺慢性炎症
主动脉及左冠脉钙化	主动脉钙化
右侧大腿内侧皮下脂肪层内稍高回声结节,考虑脂肪瘤	脂肪瘤
双附件右侧附件区可触及一大小约4.0cm×4.0cm的肿物、囊性、边界清楚、活动度尚可、无压痛	附件区触及肿物
T波改变II、III、aVF、V5、V6)	T波改变
右侧乳腺实性结节(BI-RADS3类-考虑纤维腺瘤)	纤维瘤乳腺结节 BI-RADS 3类
考虑慢性支气管炎、右肺尖胸膜下及左肺下叶背段少许肺大泡、左肺下叶纤维小结节	慢性支气管炎、肺大泡、肺纤维结节
双下肺纤维小结节	肺纤维结节
C6-7椎间盘膨出	颈椎椎间盘膨出
子宫多发低回声结节(多发性子宫肌瘤？)	子宫腺肌瘤？
甲状腺右侧叶及峡部低回声结节,TI-RADS3类	甲状腺结节 TI-RADS 3类
双肺散在微小结节影及小斑片、条片影,考虑慢性炎症所致	肺结节
右侧附件区占位病变,考虑畸胎瘤可能性大	卵巢畸胎瘤？
左乳内上低回声结节,性质待定,导管内乳头状瘤？	乳腺结节
右肺上叶慢性炎症,较前(2016-12-20)大致相仿	肺慢性炎症
右侧腹疑似肿物处皮下脂肪层内探及一低回声结节,考虑脂肪瘤	脂肪瘤
所见左侧额窦、双侧上颌窦炎症	筛窦炎、上颌窦炎
双侧间隔旁肺气肿并肺大疱	肺气肿、肺大疱
残余甲状腺左叶多发囊性结节(TI-RADS2类)	甲状腺结节 TI-RADS 2类
主动脉增宽	主动脉增宽
左肺上叶舌段慢性炎症、右肺中叶微小结节,必要时定期复查	肺结节、肺慢性炎症
双上肺间隔旁肺气肿,肺大泡	肺大泡、肺气肿
C4/5椎间盘突出,C5/6椎间盘膨出	颈椎椎间盘膨出
左肺斜裂胸膜下拟良性微小结节,必要时定期复查	肺结节
甲状腺峡部近右侧叶无回声结节,考虑滤泡增生	甲状腺结节
残余甲状腺实质回声增粗不均	甲状腺实质回声增粗、甲状腺实质回声不均
甲状腺右叶多发结节,结节性甲状腺肿？	结节性甲状腺肿？
双肺下叶胸膜下慢性炎症病灶	肺慢性炎症
左肝内低回声区,考虑局灶性肝脂肪浸润缺失	局灶性脂肪肝
左肺下叶及右肺中叶少许纤维机化灶,较2016-12-24CT相仿	肺纤维灶
右侧乳腺低回声结节,考虑脂肪瘤	乳腺脂肪瘤
SOX2自身抗体增高	SOX2自身抗体增高
双侧额顶叶散在脑缺血灶	脑缺血灶
颈椎轻度骨质增生,C4/5椎间盘轻度突出	颈椎骨质增生、颈椎间盘突出
左肺上叶微小良性结节影,随访	肺结节
脾下缘等回声结节,副脾？	副脾
显著窦性心动过缓	窦性心动过缓
甲状腺右叶多发低回声结节(大者伴钙化)	甲状腺结节
结合膜翼状胬肉(左)	翼状胬肉
甲状腺右叶多发低回声结节,考虑结节性甲状腺肿	结节性甲状腺肿
蛋清/蛋黄阳性	蛋清/蛋黄阳性
双侧椎动脉硬化	动脉硬化
甲状腺实质回声增粗伴血流信号增多	甲状腺实质回声增粗
考虑左肺纤维小结节、双肺尖部少许纤维机化灶	肺纤维灶、肺纤维结节
左肾无回声区,考虑肾盂源性囊肿	肾盂源性囊肿
胆囊壁低回声结节,良性病变可能	胆囊结节
甲状腺实质回声增粗,血流信号较丰富	甲状腺实质回声增粗
结合膜右眼鼻侧翼状胬肉	翼状胬肉
右肺中叶、左肺上叶舌段及下叶背段散在慢性炎症性病灶	肺慢性炎症
甲状腺右叶增大并占位改变	甲状腺占位
左肺上叶尖后段胸膜下纤维小结节	肺纤维结节
甲状腺双侧叶多发实性结节,右侧大者结节伴钙化(TI-RADS3类)	甲状腺结节 TI-RADS 3类
腰4椎体骨质增生	腰椎骨质增生
甲状腺右叶多发低回声结节伴钙化	甲状腺结节
胆囊底部囊壁局限性增厚,考虑胆囊肌腺症	胆囊肌腺症
甲状腺多发混合回声结节,考虑滤泡增生	甲状腺结节
左肾柱肥大	肾柱肥大
左肺舌叶纤维小结节	肺纤维结节
双上肺继发性肺结核可能	肺结核
右肺上叶前段、左肺下叶后基底段纤维小结节	肺纤维结节
右侧基底节区腔隙性脑梗死	腔隙性脑梗死
双侧输尿管囊肿？	输尿管囊肿？
甲状腺球蛋白抗体(TGA)增高	甲状腺球蛋白抗体(TGA)增高
左肺上叶胸膜下斑点影,考虑为感染所致	肺部感染
右侧乳腺无回声结节,BI-RADS2类,考虑囊肿	乳腺结节 BI-RADS 2类
白蛋白降低	白蛋白降低
子宫低至无回声结节,子宫肌瘤可能	子宫肌瘤？
OCC(枕骨与第一颈椎之间),C1,C2,C5,C7,L3,S4关节活动度异常	颈椎关节活动度异常
左上肺多发小结节	肺结节肺结节
双肾实质多发高回声结节,肾错构瘤可能	肾错构瘤？
右侧额叶少许小缺血灶	脑缺血灶
双上肺间隔旁肺气肿,较前相仿	肺气肿
左肺上叶、右肺中叶外侧段少许慢性炎症病灶	肺慢性炎症
左房稍大,室间隔基底段稍增厚	室间隔增厚、左房增大
甲状腺左叶结节伴粗大钙化,ACRTI-RADS3类	甲状腺结节 TI-RADS 3类
前列腺增大,前列腺结石	前列腺增大、前列腺结石
短阵房性心动过速,部分伴心室内差异性传导并蝉联现象	房性心动过速
左侧第4肋软骨骨折	骨折
外科既往史甲状腺癌术后	甲状腺癌术后
甲状腺多发无回声结节,考虑滤泡增生可能,囊肿待排除	甲状腺结节
双肾小结石	肾结石
甲状腺弥漫性肿大	甲状腺肿大
L5/S1椎间盘突出(中央偏右型)	腰椎间盘突出、腰椎间盘突出
双肺散在慢性炎症并左下肺支气管扩张	支气管扩张、肺慢性炎症
T波高尖	T波高尖
右肺下叶拟良性的微小结节	肺结节肺结节
左上颌窦小囊肿	上颌窦囊肿
右上肺陈旧性病灶,继发性支气管扩张	支气管扩张、肺陈旧性病灶
颈4-6椎体骨质增生及颈4-5、5-6椎间隙稍变窄	颈椎骨质增生、颈椎椎间隙变窄
肝纤维化检查轻度肝纤维化	肝纤维化
左肾积水伴左输尿管上段扩张	肾积水
双肺胸膜下散在慢性炎症	肺慢性炎症
双侧乳腺无回声区(右乳多发),乳腺囊肿？	乳腺囊肿？
充满型胆囊结石	胆囊结石
甲状腺多发结节,左叶结节伴钙化	甲状腺结节
左肺下舌段少许慢性炎症	肺慢性炎症
外周血管左下肢中度静脉曲张	下肢静脉曲张
甲状腺左侧叶上极实性结节(TI-RADS3类)	甲状腺结节 TI-RADS 3类
子宫多发低回声结节(部分结节伴钙化),考虑子宫肌瘤	子宫肌瘤？
右上肺少许慢性炎症	肺慢性炎症
右肾上腺区探及一低回声结节,考虑肾上腺占位性病变,腺瘤？	肾上腺瘤？
右肺中叶内侧段及左肺上叶下舌段少许纤维机化灶	肺纤维灶
右肺中叶及下叶胸膜下散在少许慢性炎症病灶	肺慢性炎症
双侧外周血管弹性度稍下降	外周血管弹性度下降
L4/5椎间盘退变伴突出	腰椎间盘突出、腰椎退行性变
右肺少许散在慢性炎症	肺慢性炎症
外阴潮红	外阴潮红
左侧颈部皮下脂肪层内稍高回声结节,考虑脂肪瘤	脂肪瘤
右肺中叶及左肺下舌段、左下肺少许纤维机化灶	肺纤维灶
右肺上叶及左肺下叶陈旧性病灶	肺陈旧性病灶
甲胎蛋白定量增高	甲胎蛋白定量增高
甲状腺实质回声增粗伴可疑结节	甲状腺回声增粗
频发插入性室性早搏,偶呈一过性三联律	室性早搏
两肺上叶及左肺下叶微小结节	肺结节肺结节
右肺中下叶慢性炎症性病灶	肺慢性炎症
左额叶缺血灶	脑缺血灶
子宫壁及双侧附件区迂曲条状无回声区,考虑盆腔静脉曲张	子宫静脉迂曲
甲状腺左叶下极下方囊实性回声团块,考虑甲状旁腺	甲状旁腺
频发室性早搏,时呈二联律、三联律	室性早搏
外科既往史右肱骨骨折术后	骨折
残余甲状腺左叶实质回声增粗伴甲状腺左叶多发结节	甲状腺回声增粗
肝脏多发囊肿	肝脏囊肿
双肺多发结节病灶	肺结节
右乳皮下稍高回声结节,脂肪瘤？	脂肪瘤
甲状腺右叶混合回声结节(TI-RADS2类)	甲状腺结节 TI-RADS 2类
外科既往史胆石症	胆石症
肝右后叶稍高回声结节,考虑肝血管瘤	肝血管瘤
甲状腺双侧叶多发囊实性结节(TI-RADS3类)	甲状腺结节 TI-RADS 3类
子宫低回声结节伴环形强回声,考虑子宫肌瘤伴环形钙化	子宫肌瘤
左侧上颌窦粘膜下囊肿可能	上颌窦囊肿
牛肉阳性	牛肉阳性
扁桃体慢性扁桃体炎、III度肿大	慢性扁桃体炎、扁桃体Ⅲ度肿大
双侧乳腺多发低至无回声结节,考虑乳腺囊性增生	乳腺囊性结节、乳腺增生
慢性鼻炎、鼻中隔偏曲,右侧上颌窦慢性炎症	鼻中隔偏曲、慢性鼻炎
附件左附件区触及一肿物约8.0cm4.0cm大小、无压痛	附件区触及肿物
左肺少许慢性炎症	肺慢性炎症
甲状腺体积增大,实质回声增粗、不均匀,血流较丰富	甲状腺回声增粗
考虑双侧额叶腔隙性脑梗塞	腔隙性脑梗塞
肝内多发囊肿？	肝囊肿？
左上肺钙化点	肺钙化
双侧乳腺增生伴双乳部分导管扩张	乳腺增生、乳腺导管扩张
甲状腺多发结节(右叶其一结节伴钙化),结节性甲状腺肿？	结节性甲状腺肿？
胆囊壁稍增厚	胆囊壁增厚
双肺纤维少许小结节	肺纤维结节
颈椎退行性改变	颈椎退行性改变
右肺下叶上段肺大泡	肺大泡
甲状腺右叶等回声结节,考虑腺瘤	甲状腺腺瘤
右肺下叶结节	肺结节肺结节
考虑右侧枕叶及左侧小脑小片状缺血灶	脑缺血灶
胆囊泥沙样结石可能	胆囊结石？
子宫多发低回声结节,考虑多发性子宫肌瘤(部分肌瘤伴钙化)	子宫肌腺瘤
双肺上叶尖(后)段继发性肺结核(以纤维化为主)	继发型肺结核
肝右叶低回声区,考虑局灶性肝脂肪浸润缺失	局灶性脂肪肝
右上、下肺小结节	肺结节肺结节
右肾偏大	肾偏大
二尖瓣后叶及瓣环钙化	二尖瓣后叶及瓣环钙化
附件右侧附件区稍增厚,无压痛	附件压痛、附件增厚
考虑双下肺散在纤维小结节	肺纤维结节
双侧颈动脉硬化伴右侧颈动脉斑块形成	动脉硬化
双肺尖部及右中肺少许纤维机化灶	肺纤维灶
右侧输尿管下段结石伴右侧输尿管上段扩张,右肾轻度积水	肾积水、肾结石、输尿管结石
肝多发囊肿可能	肝囊肿？
甲状腺弥漫性病变、血流信号明显增多,考虑甲状腺机能亢进	甲状腺机能亢进
甲状腺右侧叶囊实性结节	甲状腺结节
左侧重复肾	重复肾
晶状体双眼轻度浑浊	晶状体混浊
T波改变(I、aVL、V4)	T波改变
右膝关节腔及周围滑囊少许积液	膝关节积液
右侧胸膜肥厚、粘连及钙化	胸膜钙化、胸膜粘连
甲状腺右叶低回声结节,性质待定	甲状腺结节
右肝低回声结节,考虑肝血管瘤或不均匀性脂肪肝可能	不均匀性脂肪肝、肝血管瘤？
甲状腺多发低回声结节,TI-RADS3类	甲状腺结节 TI-RADS 3类
双上肺小结节影	肺结节
甲状腺左侧腋切除术后	甲状腺切除术后
甲状腺多发实性结节(TI-RADS3类)	甲状腺结节 TI-RADS 3类
频发房性早搏,偶成对出现	房性早搏
考虑右中下肺、左肺多发良性小结节	肺结节肺结节
自诉胆囊及胆总管切除术后	胆总管切除术后
3相性一度房室阻滞	一度房室阻滞
甲状左叶腺囊性结节(TI-RADS2类)	甲状腺结节 TI-RADS 2类
左侧附件区无回声区(左侧卵巢巧克力样囊肿？)	卵巢巧克力样囊肿？
慢性支气管炎,肺气肿、双肺多发肺大泡	慢性支气管炎、肺气肿、肺大泡
腰椎退行性改变,L4/5椎间盘膨出、L5/S1椎间盘突出	腰椎间盘膨出、腰椎退行性变
甲状腺右侧叶中部实性结节伴钙化(TI-RADS4A类)	甲状腺结节 TI-RADS 4a类
左肺下叶小肺大疱	肺大疱
右肺上叶多发结节	肺结节肺结节
考虑左肺下舌段纤维小结节。(与2018-07-03CT对比大致相仿)	肺纤维结节
双侧基底节区、右侧顶叶多发腔隙性缺血灶可能	脑缺血灶可能
甲状腺右侧叶及峡部多发结节,考虑结节性甲状腺肿	结节性甲状腺肿
右侧上颌窦炎症	筛窦炎、上颌窦炎
双侧乳腺多发无回声区,囊性增生？	乳腺囊性增生
双侧乳腺囊性结节,左乳多发(BI-RADS2类)	乳腺结节 BI-RADS 2类
右肝稍低回声结节,考虑良性结节	肝结节
宫颈息肉约0.4cm×0.4cm大小	宫颈息肉
体重指数25.6,超重	超重
甲状腺右叶近峡部实性结节(TI-RADS3类)	甲状腺结节 TI-RADS 3类
考虑左上肺及双下肺纤维小结节	肺纤维结节
右肺尖良性微小结节,必要时定期复查	肺结节
右上肺少许纤维化、钙化灶	肺纤维化、肺钙化灶
甲状腺双侧结节、最大约2.0cm×1.0cm(右)	甲状腺结节
左上肺少许肺大泡,左上肺纤维小结节	肺大泡、肺纤维结节
甲状腺右叶近峡部低回声结节	甲状腺结节
多发性双肾囊肿,部分囊肿伴钙化	肾囊肿
甲状腺右叶高回声结节,ACRTI-RADS3类	甲状腺结节 TI-RADS 3类
甲状腺右叶全部切除术后	甲状腺切除术后
肝内高回声区,考虑良性改变	肝高回声区
左肺尖磨玻璃密度结节,定期复查	肺磨玻璃结节
右侧蝶窦及部分筛窦炎	筛窦炎
双侧放射冠区及额叶少许缺血灶	脑缺血灶
C3-4椎间盘突出(中央型),C4-5椎间盘突出(偏左)	颈椎间盘突出
频发房性早搏,部分成对、短阵房性心动过速,部分未下传	房性早搏、房性心动过速
右肺中上叶良性微小结节影,随访	肺结节
双侧附睾头囊肿	附睾囊肿
颈椎骨质增生	颈椎骨质增生
右中肺及左下肺少许纤维机化灶	肺纤维灶
右肝囊肿可能	肝囊肿？
左侧顶叶脱髓鞘改变	脱髓鞘改变
左上肺结节影	肺结节
淀粉酶增高	淀粉酶增高
腰1-5椎体缘骨质增生及腰5-骶1椎间隙变窄	腰椎骨质增生、椎间隙变窄
右肺中叶外段纤维小结节	肺纤维结节
多发性左肝胆管结石	胆管结石
右下肺少许纤维机化灶	肺纤维灶
双上肺胸膜下慢性炎症	慢性喉炎
右肾结石伴右肾窦局部扩张	肾结石
双侧乳腺增生伴导管部分扩张	乳腺增生、乳腺导管扩张
甲状腺多发实性结节(TI-RADS3类,左叶其一结节伴钙化)	甲状腺结节 TI-RADS 3类
双侧乳腺多发无回声区,考虑囊性乳腺增生	乳腺囊性增生
主动脉、双冠状动脉粥样硬化	动脉粥样硬化
左侧附件区无回声区,考虑卵泡或卵巢囊肿	卵巢囊肿
左肺下叶后底段小结节,考虑慢性炎症	肺结节
左肝低回声区,局灶性肝脂肪浸润缺失？良性结节？	局灶性脂肪肝？、肝结节？
肝S8段异常信号,考虑不典型血管瘤可能	肝血管瘤？
左侧阴囊内高回声区,腹股沟斜疝？	腹股沟斜疝
甲状腺左叶近峡部低回声结节,考虑结节性甲状腺肿	结节性甲状腺肿
右侧乳腺多发囊性结节(BI-RADS2类)	乳腺结节 BI-RADS 2类
胆囊炎、胆囊多发结石	胆囊结石、胆囊炎
右肺中叶内侧段、左肺上叶舌段、下叶胸膜下少许慢性炎症性病灶	肺慢性炎症
甲状腺右叶低回声结节,(TI-RADS4b类)	甲状腺结节 TI-RADS 4b类
双肾内低回声区,考虑肾柱肥大	肾柱肥大
甲状腺右侧叶低回声结节,性质待定	甲状腺结节
左肺上叶舌段钙化灶	肺钙化灶
鼻左下鼻甲肥厚	鼻甲肥厚
右乳低回声区(增生改变？)	乳腺增生
甲状腺右叶等回声结节？	甲状腺结节
甲状腺多发结节,部分结节伴钙化	甲状腺结节
肝内等回声结节,考虑肝血管瘤	肝血管瘤
左肺下叶上段斑片影,考虑慢性炎症	肺慢性炎症
双乳多发实性结节,其一结节伴钙化(BI-RADS3类)	乳腺结节 BI-RADS 3类
子宫增大伴多发钙化灶	子宫增大
甲状腺右叶近峡部低回声结节,TI-RADS4A类	甲状腺结节 TI-RADS 4a类
晶状体双眼轻度皮质混浊	晶状体混浊
子宫低回声结节,肌瘤？	子宫肌瘤
双侧额窦、筛窦慢性炎症	鼻窦炎
甲状腺左叶囊实性结节伴钙化(TI-RADS3类)	甲状腺结节 TI-RADS 3类
甲状腺右叶低回声结节伴钙化,考虑腺瘤伴粗钙化	甲状腺腺瘤
双肺上叶间隔旁肺气肿、肺大疱	肺气肿、肺大疱
双肺下叶后基底段慢性炎症	肺慢性炎症
双侧乳房多发结节	乳腺结节
甲状腺右叶多发结节,结节性甲状腺肿？	结节性甲状腺肿？
右肺中叶内侧段及双肺下叶外后基底段慢性炎症	肺慢性炎症
肝左叶稍高回声结节,肝血管瘤？	肝血管瘤？
右肝内可疑稍高回声结节,肝血管瘤？	肝血管瘤？
胆囊未探及(自诉已切除),胆总管上段增宽	胆总管增宽
膀胱不充盈,膀胱、子宫、双侧附件区本人放弃检查	放弃膀胱、子宫、双附件区检查
胆囊管结石伴梗阻	胆管结石
左侧输尿管结石伴扩张	输尿管结石
颈椎正侧位片颈椎功能性改变	颈椎功能性改变
肝多发高回声结节,多发性肝血管瘤？	肝血管瘤？
考虑左上肺及右下肺纤维小结节	肺纤维结节
左肝内稍高回声结节,考虑肝血管瘤	肝血管瘤
右肺上下叶多发磨玻璃小结节	肺磨玻璃结节
颈椎退行性变、C3/4、C4/5、C5/6、C6/7椎间盘突出	颈椎间盘突出、颈椎退行性改变
L5-S1椎间盘突出(中央型)	腰椎间盘突出、腰椎间盘突出
耳左侧先天性耳前瘘管	先天性耳前瘘管
右侧附件区无回声区,性质待定	右侧附件区无回声区
自诉甲状腺左叶全部切除及右叶部分切除术后	甲状腺切除术后
左肺上叶前段纤维小结节	肺纤维结节
右肺下叶上段肺大泡	肺大泡
胆囊充满型结石	胆囊结石
短阵房性心动过速	房性心动过速
扫及肝内多发低密度灶	肝低密度灶
考虑左肺下舌段纤维机化灶	肺纤维灶
左侧胸壁软组织内脂肪瘤	脂肪瘤
所见肝右后叶低密度灶,考虑囊肿	肝囊肿
钙降低	钙降低
其他悬雍垂息肉	悬雍垂息肉
双肺多发微小结节,必要时随访复查	肺结节
甲状腺右叶多发结节,考虑结节性甲状腺肿可能	结节性甲状腺肿？
右侧额叶血管瘤术后改变	肝血管瘤
甲状腺峡部低回声结节,考虑结节性甲状腺肿	结节性甲状腺肿
左肺上叶尖后段纤维小结节。左肺下叶外基底段磨玻璃小结节	肺磨玻璃结节
间歇隐匿性不完全性右束支阻滞	完全性右束支阻滞
左室增大	左室增大
左上肺纤维小结节及小钙化灶	肺纤维结节、肺部钙化灶、肺纤维灶
颅内多发腔隙性脑梗塞	腔隙性脑梗塞
右斜裂下部胸膜轻度增厚	胸膜增厚
双侧筛窦、左侧额窦慢性炎症	鼻窦炎
右肺上叶前段、左肺上叶下舌段少许慢性炎症	肺慢性炎症
双肺慢性炎症伴胸膜肥厚粘连,右肺下叶前基底段小肺大泡	胸膜粘连肺大泡
丙型肝炎病毒抗体阳性	丙型肝炎病毒抗体阳性
间歇完全性右束支阻滞	完全性右束支阻滞
右肺上叶前段、右肺下叶外基底段磨玻璃小结节	肺磨玻璃结节
右肾混合回声结节,考虑复杂性肾囊肿	肾囊肿
所见肝内多发低密度结节	肝结节
左侧附件区无回声区,卵巢囊肿？	卵巢囊肿？
主动脉瓣、二尖瓣退行性变	二尖瓣退行性变
左侧附件区无回声区,考虑左卵巢囊肿可能	卵巢囊肿？
子宫多发肌瘤(部分肌瘤伴钙化)	子宫肌瘤
双肺散在肺气肿伴多发肺大泡形成	肺大泡、肺气肿
胸膜下脂肪沉积改变	胸膜下脂肪沉积改变
甲状腺多发结节,部分结节伴钙化,TI-RADS3类	甲状腺结节 TI-RADS 3类
左下肺背段少许慢性炎症	肺慢性炎症
双肺下叶部分远端支气管扩张	支气管扩张
左侧胸膜粘连	胸膜粘连
门静脉与下腔静脉肝段高回声管状结构,考虑门静脉高压门、体静脉分流术后改变	肝术后改变
扫及轻度脂肪肝	脂肪肝
甲状腺右侧叶多发实性结节伴钙化(TI-RADS3类)	甲状腺结节 TI-RADS 3类
外眼右眼翼状胬肉	翼状胬肉
右肺中叶内侧段慢性炎症病灶	肺慢性炎症
甲状腺多发结节,左侧叶结节伴粗大钙化,考虑结节性甲状腺肿	结节性甲状腺肿
子宫稍低回声结节,考虑肌瘤可能	子宫肌瘤？
轻-中度脂肪肝	脂肪肝
考虑左侧基底节区小点状软化灶	脑软化灶
C3-4、C4-5、C5-6椎间盘膨隆	颈椎间盘膨出
甲状腺峡部偏左侧低回声结节	甲状腺结节
右肺下叶背段少许慢性炎症,较2017-01-20CT大致相仿	肺慢性炎症
甲状腺双侧叶多发无回声结节,考虑滤泡增生	甲状腺结节
双侧乳腺增生伴乳腺局部导管扩张	乳腺增生、乳腺导管扩张
右肺尖部少许陈旧病灶	肺陈旧性病灶
右肺上叶后段磨玻璃影,考虑感染所致	肺磨玻璃结节
右肾实质中部斑状强回声,钙化灶可能	肾钙化灶？
腰椎退行性改变,L5/S1左侧关节突钙化增生,左侧神经根受压	腰椎退行性病变
双侧海绵肾	海绵肾
考虑右肩袖损伤,肱骨头退变	肩袖损伤、肱骨头退行性改变
甲状腺右叶下极外实性结节,甲状旁腺？	甲状腺结节
右肺尖少许胸膜增厚粘连、左肺上叶前段纤维小结节	胸膜增厚、肺纤维结节
双乳腺实性结节(BI-RADS3类)	乳腺结节 BI-RADS 3类
左上肺及右下肺纤维小结节	肺纤维结节
左侧颈部多发淋巴结反应性增生	颈部淋巴结反应性增生
子宫多发低回声团块及结节,考虑子宫多发肌瘤	子宫肌瘤？
子宫增大约3个月妊娠大小,质地较硬	子宫增大
右肺尖部孤立肺大泡	肺大泡
腰椎退行性变,L4/5椎间盘突出,L5/S1椎间盘膨出	腰椎退行性变、腰椎间盘膨出
甲状腺多发结节(大者结节倾向腺瘤)	甲状腺腺瘤
左侧附件区无回声区,左侧卵巢巧克力样囊肿？	卵巢巧克力样囊肿？
外科既往史右肾切除术后	右肾切除
考虑双肺数个纤维小结节	肺纤维结节
右肺上叶胸膜下慢性炎症	肺慢性炎症
主动脉、二尖瓣、三尖瓣微量反流	二尖瓣反流、三尖瓣反流、主动脉瓣反流
残余甲状腺左叶多发实性、囊实性结节(TI-RADS3类)	甲状腺结节 TI-RADS 3类
双侧筛窦及左侧上颌窦炎症	筛窦炎、上颌窦炎
红细胞体积分布宽度增高	红细胞体积分布宽度增高
频发室性早搏,偶呈插入性(并行心律性)	室性早搏
右侧基底节区多发腔隙性脑梗塞	腔隙性脑梗塞
右肺中叶少许慢性炎症,较前略吸收减少	肺慢性炎症
双侧腋窝淋巴可见	腋窝淋巴结可见
双子宫、双宫颈、双阴道	双子宫
单核细胞计数降低	单核细胞计数降低
双膝关节退行性改变	膝关节退行性病变
左侧腰背部皮下脂肪层内高回声结节,脂肪瘤？	脂肪瘤
甲状腺双侧叶等回声结节(TI-RADS3类)	甲状腺结节 TI-RADS 3类
右肾无回声区,肾囊肿？肾锥体？	肾囊肿？
C3/4椎间盘膨出	颈椎间盘膨出
右肺中叶及左肺下舌段、右下肺少许陈旧纤维机化灶	肺纤维灶、肺陈旧性病灶
双侧颈动脉动脉硬化伴斑块形成	颈动脉硬化
前列腺无回声区,考虑射精管囊肿	射精管囊肿
甲胎蛋白定量增高	甲胎蛋白定量增高
C3-6段椎管狭窄	颈椎管狭窄
甲状腺右叶无回声结节(TI-RADS2类),甲状腺左叶混合回声结节(TI-RADS2类)	甲状腺结节 TI-RADS 2类
考虑胆囊多发结石伴慢性胆囊炎	胆囊结石、慢性胆囊炎
T波改变(I、aVL、II、III、aVF、V6)	T波改变
右侧基底节区脉络膜裂囊肿或软化灶	脉络膜裂囊肿
双侧基底节、放射冠区多发腔隙性脑梗塞,脑萎缩	脑梗塞、脑萎缩
血浆纤维蛋白原测定FIB增高	血浆纤维蛋白原测定FIB增高
子宫增大子宫如1+个月妊娠	子宫增大
甲状腺右侧叶多发低至无回声结节	甲状腺结节
右肺上叶尖段磨玻璃结节	肺磨玻璃结节
主动脉硬化灶	主动脉硬化
外科既往史甲状腺结节术后(微创)	甲状腺结节
肝左、右叶交界处囊肿	肝囊肿
右额叶软化灶	脑软化灶
甲状腺多发结节,左叶大者伴钙化,考虑结节性甲状腺肿	结节性甲状腺肿
耳双耳慢性化脓性中耳炎	中耳炎
C3-4、C4-5椎间盘膨隆,颈椎退行性改变	颈椎退行性改变、颈椎间盘膨出
双侧筛窦、上颌窦炎症,右上颌窦黏膜下囊肿,鼻中隔偏曲,慢性鼻炎	上颌窦炎、鼻中隔偏曲、慢性鼻炎、上颌窦囊肿
自述甲状腺部分切除术后,甲状腺右叶低回声结节伴钙化,TI-RADS4A	甲状腺结节 TI-RADS 4a类
右肺上叶前段、中叶内侧段慢性炎症	肺慢性炎症
HP阳性	HP阳性
双上肺及左下肺肺大泡	肺大泡
左侧乳腺多发实性结节(部分结节伴钙化)(BI-RADS3类)	乳腺结节 BI-RADS 3类
右肺下叶背段炎症	肺炎性改变
考虑左肝内胆管结石或小钙化灶	胆管结石、肝内钙化灶
胆囊多发强回声斑,息肉？结石？	胆囊结石？、胆囊息肉
双侧乳腺多发低回声结节,其中右乳大者结节考虑纤维腺瘤	乳腺纤维瘤？、乳腺结节
右肺上叶磨玻璃密度小结节影	肺磨玻璃结节
左肺下叶慢性炎症,并局限性肺气肿	肺气肿、肺慢性炎症
子宫多发低回声结节,考虑子宫多发肌瘤伴部分钙化	子宫肌瘤
左侧乳腺低回声结节(BI-RADS2类)	乳腺结节 BI-RADS 2类
甲状腺右叶实质回声增粗	甲状腺实质回声增粗
肝内高回声结节,考虑肝血管瘤	肝血管瘤
甲状腺弥漫性肿大伴血流信号稍增多	甲状腺肿大
甲状腺左侧叶低回声结节,考虑腺瘤	甲状腺腺瘤
鼻慢性鼻窦炎、鼻中隔偏曲	筛窦炎、鼻中隔偏曲、鼻炎
腰3-5椎体前缘轻度骨质增生	腰椎骨质增生
自诉双侧乳腺注射隆乳取出术后	乳腺术后
结合膜左眼翼状胬肉	翼状胬肉
肝内无回声区,考虑肝囊肿	肝囊肿
HLA-B27阳性	HLA-B27阳性
尿电导率降低	尿电导率降低
左侧腋窝多发实性结节,考虑增生反应性淋巴结	腋窝淋巴结反应性增生
右侧胸膜稍增厚	胸膜增厚
甲状腺实质回声增粗伴分布欠均,桥本氏甲状腺炎？	甲状腺回声增粗
L4-5椎间盘膨隆	腰椎椎间盘膨出
单纯疱疹病毒I型IgM阳性	单纯疱疹病毒Ⅰ型IgM阳性
双肺小结节影	肺结节肺结节
左肾低回声结节,考虑占位性病变,MT待排除	肾占位性病变
甲状腺弥漫性肿大伴实质回声增粗不均	甲状腺实质回声增粗、甲状腺实质回声不均
甲状腺左叶低回声结节内伴微钙化(TI-RADS3类)	甲状腺结节 TI-RADS 3类
左侧附件区无回声区,囊肿可能	卵巢囊肿？
腰椎退行性改变,L3/4、L4/5椎间盘突出	腰椎间盘突出、腰椎退行性变
甲状腺右叶低回声结节伴细钙化,考虑TI-RADS4A类	甲状腺结节 TI-RADS 4a类
双眼年龄相关性白内障	白内障
外科既往史甲状腺腺瘤切除术(瘢痕约长6cm)	甲状腺腺瘤
甲状腺右叶下极低回声结节,滤泡性肿瘤可能	甲状腺滤泡性肿瘤？
甲状腺多发结节,考虑结节性甲状腺肿,其中部分伴钙化结节MT可能	结节性甲状腺肿？
左肾中部低回声区,肾柱肥大？	肾柱肥大？
肝内、外胆管扩张	胆管扩张
前列腺游离PSA增高	前列腺游离PSA增高
腰椎退行性改变,L5/S1椎间盘膨出	腰椎间盘膨出、腰椎退行性变
胆囊斑状高回声,息肉？结石？	胆囊结石？、胆囊息肉
前胸壁稍高回声结节,考虑脂肪瘤	脂肪瘤
考虑右上肺纤维小结节	肺纤维结节
双侧乳腺小叶增生,部分呈结节状增生	乳腺增生
左上肺浅淡小结节	肺结节肺结节
5分钟聚集率(ADP)增高	5分钟聚集率(ADP)增高
子宫多发实性占位,考虑多发性子宫肌瘤	子宫肌瘤？
右肺中叶少许慢性炎症性病灶	肺慢性炎症
子宫多发低回声结节伴钙化,考虑多发性子宫肌瘤	子宫肌瘤？
子宫多发低回声结节(其中一结节伴钙化),考虑子宫肌瘤	子宫肌瘤？
肝右叶稍低密度灶	肝低密度灶
双侧乳腺无回声区,考虑乳腺囊肿	乳腺囊肿
肝尾叶钙化灶或结石	肝钙化灶
频发室性早搏,部分呈插入性(并行心律性可能)	室性早搏
胆囊附壁高回声,息肉？	胆囊结石？、胆囊息肉
右肝强回声,钙化灶？	肝钙化灶
甲状腺实质回声增粗伴双侧叶滤泡增生	甲状腺实质回声增粗
肝右叶低回声结节,考虑血管瘤	肝血管瘤
腺苷脱氢酶测定增高	腺苷脱氢酶测定增高
PGII增高	PGI/PGII增高
右肺良性小结节	肺结节肺结节
右肺及左肺下叶散在慢性炎症并胸膜增厚粘连及右上胸膜钙化	胸膜增厚、胸膜粘连
颈段脊柱轻度后凸改变及颈4-6椎体轻度骨质增生伴颈3-4、4-5、5-6椎间隙前缘轻度变窄	颈椎骨质增生、颈椎椎间隙变窄
左乳外上象限皮下脂肪层内低回声结节,脂肪瘤？	脂肪瘤
右肺上叶后段慢性炎症并胸膜增厚、粘连	胸膜增厚、胸膜粘连
双侧下鼻甲肥厚,鼻中隔右偏	鼻甲肥厚
自诉甲状腺术后	甲状腺术后
广泛导联T波改变	T波改变
胆囊增大伴胆汁浓缩	胆囊增大
右肺中叶、左肺上叶舌段及双肺下叶散在慢性炎症	肺慢性炎症
肝右叶稍低回声结节,血管瘤？不均匀性脂肪肝？	不均匀性脂肪肝、肝血管瘤？
右侧乳腺高回声结节,考虑脂肪瘤	乳腺脂肪瘤
双侧乳腺多发无回声结节,考虑局限性导管扩张	乳腺结节
C3/4椎间盘轻度凸出	颈椎间盘突出
右侧基底节区腔隙性脑梗塞	腔隙性脑梗塞
甲状腺实质回声增粗合并多发结节	甲状腺回声增粗
考虑双上肺陈旧病灶灶,伴胸膜增厚粘连	肺陈旧性病灶、胸膜增厚、胸膜粘连
HPV阳性	HPV阳性
甲状腺实质回声增粗伴左叶多发低回声结节	甲状腺回声增粗
右肺上叶前段、右肺下叶前基底段微小结节	肺结节肺结节
右肺上叶后段慢性炎症病灶	肺慢性炎症
T波轻度改变	T波轻度改变
L5-S1椎间盘突出（中央偏左型）	腰椎间盘突出、腰椎间盘突出
腹主动脉瘤	腹主动脉瘤
甲状腺多发结节,右叶大者伴钙化	甲状腺结节
甲状腺右叶触及一结节,大小约1.4cm×1.0cm,质中,无压痛	甲状腺结节
右肺上叶占位性病变	肺部占位性病变
结合病史,为右侧乳腺术后改变	乳腺术后
双侧乳腺实性结节(右乳多发,BI-RADS3类)	乳腺结节 BI-RADS 3类
子宫低回声结节,子宫肌瘤可能	子宫肌瘤？
甲状腺左叶结节伴钙化,ACRTI-RADS5类,MT待排除	甲状腺结节 TI-RADS 5类
双侧乳腺多发无回声结节(BI-RADS2类)	乳腺结节 BI-RADS 2类
晶状体双眼皮质轻微点状浑浊	晶状体混浊
左肾小囊肿	肾囊肿
双附件腹壁脂肪厚、触诊不满意	附件触诊不满意
左肝低回声区,非均匀性脂肪肝？	非均匀性脂肪肝、脂肪肝
放射科(CT)考虑双肺继发性肺结核(大部分纤维硬结钙化)	继发型肺结核
右肝内低回声结节,考虑肝血管瘤？	肝血管瘤？
胆囊多发息肉样病变,大者不排除腺瘤样变	胆囊息肉、胆囊腺瘤样息肉
左侧筛窦、额窦、蝶窦炎症	蝶窦炎
肝多发实性结节,考虑肝多发血管瘤	肝血管瘤
双肺多发微小结节、右肺中下叶条索影、考虑慢性炎症	肺结节
甲状腺实质回声增粗伴左叶高回声结节	甲状腺回声增粗
右肺上叶后段及双肺下叶后基底段慢性炎症	肺慢性炎症
右肾实质多发稍高回声结节,考虑肾错构瘤	肾错构瘤
甲状腺左叶偏低回声结节伴粗大钙化	甲状腺结节
